19.519,37.819,39.725,30.664,33.653,38.935,33.412,35.181,32.449,32.705
-22.278,-16.475,-17.058,-22.127,-14.73,-21.328,-18.017,-27.261,-20.045,-22.55
-15.594,-29.001,-27.535,-17.817,-19.019,-23.611,-23.481,-18.954,-26.317,-19.111
43.128,49.335,53.479,49.262,85.111,65.972,48.441,71.382,61.228,64.374
28.446,34.856,28.872,36.688,38.32,28.886,29.267,34.021,32.19,27.761
-23.716,-27.588,-24.44,-20.797,-20.685,-18.189,-29.137,-19.856,-22.744,-18.168
2.8478,2.8797,-1.0846,2.7006,3.6275,7.0444,2.5235,2.6813,5.1022,2.8569
14.991,15.566,8.3358,13.985,11.748,15.349,11.611,14.562,11.586,9.2837
36.234,59.587,64.152,53.374,43.186,46.63,43.227,32.153,59.318,67.398
8.9927,11.9,8.2051,7.5256,9.9539,9.2357,8.9731,10.921,8.7276,10.228
89.477,77.328,95.243,70.416,101.15,90.708,98.347,73.739,94.548,88.942
16.972,11.946,9.5857,11.652,9.5246,12.05,11.692,9.6634,8.1398,13.079
-1.4266,-3.838,-8.2077,-3.1572,-3.66,-3.1772,-4.4358,-3.4312,-4.8653,-3.1561
108.14,87.815,96.659,96.907,90.404,90.873,100.21,83.035,98.661,93.862
83.205,82.583,88.614,85.069,43.272,84.43,84.925,65.833,78.049,71.194
8.1338,6.5673,8.2727,7.0655,10.958,8.0149,7.5413,9.4491,5.9297,6.8093
11.437,8.4501,11.647,10.266,7.6516,9.897,9.2919,9.5531,9.2031,9.0782
86.507,113.47,95.315,90.044,100.22,93.978,90.323,104.61,95.843,103.07
22.464,41.374,40.455,35.309,43.003,31.502,36.436,34.472,35.364,41.316
-30.189,-26.442,-33.916,-21.696,-27.46,-26.331,-23.2,-22.431,-24.196,-20.892
14.448,11.281,12.095,11.678,4.6589,12.303,9.7486,14.097,10.025,10.484
7.6954,10.697,10.868,8.9045,9.9373,12.778,9.3348,10.126,10.837,8.4707
40.101,35.727,41.188,30.998,38.803,41.095,39.931,38.08,32.524,38.07
12.59,14.23,8.4053,14.851,14.097,8.8765,10.063,10.708,12.913,12.056
0.29478,2.2749,2.1125,-4.0506,-1.0484,1.4572,1.3241,0.58158,-0.2446,-1.9544
50.156,52.274,48.983,50.434,40.802,51.475,41.65,39.464,42.252,46.91
-4.4288,-5.2023,0.30931,-2.8972,-4.3876,-2.4354,-8.6757,-4.2396,-1.9303,-3.7232
54.987,46.276,55.455,41.404,52.669,48.635,51.583,45.712,51.082,44.815
54.191,62.853,47.137,69.741,42.368,56.833,51.011,62.855,69.174,45.198
76.862,61.131,71.469,85.477,72.214,62.852,65.233,83.356,37.3,71.766
9.2749,9.4767,16.129,10.4,7.0285,12.642,13.205,11.595,10.044,8.5931
-14.066,-11.992,-10.595,-10.333,-12.423,-12.014,-13.092,-11.145,-12.401,-12.804
13.438,10.003,9.6478,13.176,13.594,12.776,19.248,13.316,14.49,9.88
-20.466,-25.602,-22.115,-21.156,-20.134,-20.985,-23.34,-23.55,-16.437,-22.799
0.26861,-0.90184,2.6397,1.7686,2.763,-0.25326,1.5749,0.46922,-0.47867,0.62563
27.405,34.211,31.087,27.706,39.458,27.612,32.085,40.54,31.227,34.248
-18.485,-20.451,-21.724,-20.4,-26.845,-19.078,-19.408,-16.022,-22.963,-18.792
40.267,31.837,36.996,40.563,41.415,33.977,33.865,37.875,35.596,37.566
-11.484,-10.62,-12.653,-11.279,-11.009,-13.303,-9.1198,-12.877,-9.5555,-10.921
60.706,58.444,45.706,63.601,80.468,43.181,71.053,59.131,66.841,58.039
-19.064,-19.758,-14.898,-15.013,-13.004,-22.379,-17.987,-10.175,-12.304,-19.702
56.042,82.886,94.363,97.074,65.19,58.384,57.417,66.028,66.8,87.314
-0.45957,-4.025,-6.0567,-7.4299,-7.5703,-4.5957,-7.2205,-3.7415,-2.9979,-4.8762
-11.203,-12.107,-9.9513,-11.701,-10.228,-13.237,-10.615,-12.05,-9.908,-11.022
92.527,68.036,60.582,52.754,84.428,73.23,80.58,83.01,82.108,91.966
28.708,39.594,41.571,36.451,32.024,35.575,28.37,31.563,41.032,29.432
-19.855,-19.099,-18.442,-29.472,-17.315,-16.049,-27.782,-21.273,-9.2363,-23.942
-25.533,-24.203,-13.206,-28.691,-13.825,-24.404,-28.252,-29.614,-24.006,-25.269
-9.7082,-9.5437,-11.145,-10.795,-9.2859,-9.174,-8.8609,-10.32,-11.8,-10.467
76.132,82.289,58.192,72.947,81.082,68.684,68.001,83.515,76.791,101.59
73.38,104.63,66.965,70.371,87.673,83.946,82.985,71.103,62.393,74.693
-5.7427,-4.3455,-2.4866,-3.6743,-4.4381,-5.8646,-2.7093,-0.77042,-7.8132,-2.378
10.417,16.563,5.4831,11.865,8.7159,18.394,14.881,10.822,11.933,14.696
24.035,35.052,31.274,20.47,27.873,31.747,32.829,35.416,35.276,24.876
35.831,91.428,44.085,57.993,69.899,61.257,68.295,74.074,57.806,43.987
12.147,12.046,11.505,10.177,8.8832,9.4139,9.9093,10.937,10.84,10.004
-2.2195,-6.0487,-4.0371,-7.079,-8.6672,2.7258,-4.0618,-6.831,2.185,-9.4854
-12.642,-12.382,-9.9998,-12.778,-12.502,-12.783,-11.406,-11.536,-10.704,-11.061
30.813,20.652,34.075,31.563,34.229,45.919,31.584,36.587,35.186,30.226
62.401,66.81,64.215,68.155,73.777,79.452,71.936,68.278,50.582,59.586
-10.617,-11.948,-11.436,-10.213,-12.755,-9.6267,-12.021,-9.7749,-8.6937,-12.696
60.155,58.09,112.23,59.436,91.691,61.063,82.737,68.106,67.405,78.94
9.2639,14.161,5.6384,17.997,15.936,8.3244,16.537,11.497,9.6898,10.338
10.776,8.95,8.6936,11.172,7.9163,10.441,11.227,10.885,8.2888,8.9476
-9.37,0.11765,-3.2161,-4.5461,-1.8888,-2.5763,1.7168,-3.4352,-0.99194,-8.9487
11.913,11.654,14.764,9.2345,9.1772,14.264,10.454,14.366,6.0702,12.117
-20.192,-22.151,-19.373,-15.799,-18.154,-18.445,-19.218,-19.857,-22.162,-20.712
8.6115,10.624,11.068,9.4684,10.855,10.638,10.529,9.0092,9.5106,10.339
73.949,50.257,64.711,76.567,73.944,80.917,73.093,95.19,47.628,59.269
-12.672,-8.3679,-9.4583,-9.1711,-9.7134,-9.5197,-3.6935,-11.047,-9.2064,-13.128
45.526,71.275,56.728,66.005,79.984,58.872,69.533,64.2,44.261,49.468
-2.5701,-6.3561,-2.6968,-9.2459,-0.20703,-8.8973,-7.0036,-0.69119,-2.4013,-9.1107
48.877,44.882,61.081,58.318,45.189,46.385,28.141,46.11,61.407,52.411
-4.3567,-8.4306,-4.3932,-5.7236,-5.1103,-4.2668,-6.2041,-2.8189,-3.823,-0.85261
31.184,31.858,34.569,32.448,36.914,37.193,35.171,35.887,35.823,37.077
-8.4234,-8.5807,-9.6961,-12.486,-7.6266,-10.501,-11.571,-11.604,-7.7448,-9.671
30.862,41.307,36.868,36.647,36.579,39.655,33.45,34.498,38.736,33.775
3.9477,3.7013,6.8025,5.4486,4.1701,0.11321,2.5759,3.2851,5.3133,6.0895
1.8351,4.2093,-0.92134,4.1554,3.1807,0.18927,-3.2379,2.4015,-3.3028,1.8115
-25.776,-31.11,-15.664,-29.596,-17.225,-26.441,-19.71,-24.65,-20.638,-21.327
48.867,75.348,76.162,51.085,53.51,63.27,65.437,67.194,59.776,84.79
47.064,44.198,57.436,50.12,49.183,58.71,53.306,51.741,48.624,42.869
79.961,52.069,70.151,71.249,56.495,54.892,62.233,52.06,47.479,79.737
-6.2499,-1.4598,-5.7384,-5.0955,-6.1666,-5.1923,-1.2908,-2.5634,-4.4544,-6.6232
51.029,49.532,45.934,43.775,62.869,44.238,54.638,58.407,42.682,42.182
-1.0149,1.5396,2.3646,2.3765,0.50928,0.57687,3.6732,1.7208,2.85,3.8376
-20.167,-19.521,-23.016,-22.057,-22.473,-21.669,-22.763,-19.776,-22.142,-20.12
-10.909,-11.487,-12.424,-12.055,-11.291,-13.046,-10.864,-13.561,-13.046,-11.465
-14.448,-19.309,-16.497,-14.008,-13.379,-17.15,-14.436,-11.421,-22.285,-19.007
47.656,41.27,31.175,39.998,32.983,35.165,33.1,39.33,39.663,32.634
10.744,7.7869,15.898,9.0797,10.771,12.446,12.459,5.4539,15.2,18.078
52.351,56.772,43.708,44.594,43.464,62.25,47.912,49.03,42.823,49.291
-12.486,-8.5211,-15.391,-5.6268,-4.832,-15.133,-12.232,-10.066,-2.9433,-13.047
89.552,102.45,106.37,82.743,100.84,97.897,98.998,87.698,95.19,113.03
-23.447,-20.101,-21.503,-20.769,-20.647,-21.611,-23.66,-20.564,-18.952,-19.85
8.9683,10.477,13.731,8.5035,8.4002,9.153,11.268,9.8288,13.124,10.981
-32.576,-30.849,-19.675,-21.576,-17.724,-24.958,-15.833,-35.133,-17.752,-24.446
81.88,58.729,79.697,105.12,89.915,74.906,92.547,91.911,88.449,100.35
56.195,37.431,43.577,39.694,67.38,61.079,59.478,69.763,73.17,49.019
-14.876,-13.557,-12.037,-8.5964,-10.848,-11.073,-12.496,-15.579,-10.766,-10.661
-9.2004,-9.1263,-9.0135,-7.3271,-11.59,-12.459,-8.7147,-16.578,-8.255,-10.071
34.039,31.182,38.52,30.851,30.866,35.315,36.025,38.622,32.613,35.591
4.7427,3.3107,2.2667,0.29414,0.95609,1.5493,1.5182,5.4867,2.8518,3.3773
45.822,48.142,59.911,46.571,53.072,51.261,66.981,60.13,49.862,51.81
66.735,97.082,76.392,88.13,89.373,88.249,62.49,67.029,57.334,66.9
83.995,48.314,59.153,77.718,59.69,48.605,80.201,61.768,64.146,59.149
85.605,96.608,102.35,103.8,108.95,105.5,95.11,105.89,87.622,93.362
13.44,12.901,14.431,9.088,9.5237,13.252,16.724,12.397,10.193,13.76
29.797,31.871,26.682,32.531,29.989,32.071,22.378,24.225,40.448,36.497
4.7361,16.13,10.993,8.7934,16.191,14.843,13.986,9.0143,15.976,8.6977
-23.787,-21.624,-27.193,-18.54,-21.956,-16.789,-14.851,-23.694,-29.782,-19.868
-23.939,-19.115,-20.362,-20.759,-22.101,-21.376,-17.336,-22.095,-19.345,-20.777
82.476,73.894,90.572,91.96,66.521,80.963,48.905,55.419,65.908,92.773
100.94,96.641,86.731,89.068,89.471,92.521,97.363,103.85,93.906,103.55
2.5469,4.5555,2.4256,-1.7991,0.60944,3.9248,3.3811,-3.1387,5.1334,5.4734
42.289,33.237,41.114,36.372,29.406,35.378,36.558,36.072,37.044,36.217
53.269,43.744,47.251,51.488,54.132,49.844,52.884,53.014,42.238,53.934
89.466,73.135,91.611,80.506,95.752,89.943,69.864,70.611,85.291,77.003
-3.8948,-5.2143,-4.6239,-5.4184,-2.9704,-5.5486,-4.9761,-1.9412,1.2792,-7.6782
38.079,30.932,30.266,33.759,36.139,29.349,46.107,42.04,34.491,28.406
-25.188,-16.269,-19.124,-15.888,-25.275,-24.313,-26.938,-19.532,-16.387,-15.218
-19.063,-17.469,-17.144,-20.44,-18.821,-20.836,-19.693,-28.141,-16.851,-22.2
-21.325,-13.817,-24.164,-29.343,-17.854,-22.356,-20.984,-25.632,-20.289,-20.654
13.653,9.3453,10.123,16.942,8.4751,13.563,14.546,15.815,11.742,10.517
74.275,64.135,52.649,54.603,96.671,68.117,55.786,49.472,66.117,60.923
-20.169,-16.824,-19.386,-17.058,-22.884,-20.62,-12.425,-9.7903,-21.009,-18.252
-17.322,-21.942,-19.288,-23.091,-23.621,-19.606,-20.857,-21.893,-23.463,-18.671
39.557,34.935,37.319,33.254,37.336,32.425,36.533,31.736,39.945,32.535
15.991,10.591,13.458,14.207,12.864,13.534,12.13,13.15,15.336,6.7727
-1.5749,-0.097353,4.3502,1.6385,-2.3487,-0.48097,-1.1208,0.57957,0.58569,0.25698
83.889,73.965,85.661,88.493,107.45,68.454,92.009,72.904,53.051,65.157
30.936,29.938,29.401,32.614,30.376,28.723,28.963,23.79,37.379,36.822
36.233,40.167,32.433,32.261,41.828,39.326,41.275,42.6,35.386,35.638
29.091,34.813,28.31,36.241,29.364,36.168,38.134,33.137,21.708,31.93
1.8783,-1.6038,-0.66413,2.4786,0.47899,0.48782,-0.90638,0.21665,1.4242,2.3788
48.047,57.693,68.041,53.005,62.109,56.453,58.754,82.683,44.212,50.703
-10.631,-5.8529,-10.661,-15.485,-11.634,-9.3452,-8.9972,-7.8085,-9.8858,-9.1821
37.7,36.911,28.161,43.797,28.724,20.599,27.051,30.169,31.383,29.092
14.471,19.463,8.31,10.366,14.024,13.188,16.56,10.659,6.9984,8.5892
41.847,34.519,33.916,38.079,35.492,35.049,35.464,38.955,39.124,32.524
37.381,41.474,30.532,23.018,30.008,14.919,13.897,28.7,38.514,39.943
-4.9094,-10.248,-12.45,-11.68,-8.6567,-6.8678,-8.0181,-12.928,-12.824,-6.4505
-7.1838,-11.931,-11.512,-1.7863,-1.2631,-9.0186,-10.236,-14.545,-7.3595,-9.2077
36.694,35.968,32.994,34.481,36.558,40.2,34.44,36.613,32.03,36.407
2.0224,6.0558,1.1556,0.62233,2.0807,0.20792,3.7867,4.9443,1.8833,5.2521
-24.718,-18.479,-24.428,-23.069,-24.463,-14.24,-25.492,-24.872,-14.596,-25.593
-23.03,-22.59,-20.438,-17.49,-26.29,-20.871,-24.259,-22.853,-25.244,-22.807
14.561,14.912,11.985,12.36,9.347,13.574,10.601,13.061,10.11,13.951
51.779,50.438,42.997,56.961,50.109,47.298,50.94,47.946,49.252,48.57
59.504,70.056,90.762,82.282,71.008,56.906,70.683,78.819,37.245,59.113
-18.912,-14.185,-13.689,-16.256,-14.579,-17.872,-13.188,-13.906,-17.075,-14.848
70.081,93.171,34.552,82.129,84.91,67.767,70.357,60.416,82.196,103.48
-15.183,-16.288,-13.965,-13.894,-10.895,-22.72,-19.24,-17.462,-15.647,-12.733
30.917,37.938,33.596,36.742,30.202,22.327,28.411,31.511,29.885,25.115
-2.9947,-4.0368,-4.343,-2.8483,-6.1927,-6.7224,-1.2697,-3.4283,-7.7586,-1.3546
-0.38742,1.1971,-1.0592,-0.46435,3.1987,-0.33307,1.4149,4.4469,0.0088426,-0.50769
-10.654,-10.054,-17.904,-16.566,-19.516,-20.417,-15.261,-21.202,-20.958,-27.22
44.121,32.614,36.85,38.46,31.642,36.297,37.955,40.907,35.186,30.392
46.597,47.96,49.775,42.262,42.813,43.32,52.28,48.315,37.441,56.635
53.945,43.465,41.14,43.766,47.871,51.922,52.693,43.51,38.057,57.283
10.103,10.975,10.005,8.7056,8.6782,7.385,10.699,7.6587,7.7195,10.095
9.1268,9.2783,11.231,9.3581,12.924,10.042,8.1707,9.6358,8.6154,9.2389
11.886,6.3648,14.414,13.627,10.623,9.9698,9.9716,10.007,5.8444,11.021
-19.808,-18.347,-21.085,-22.236,-22.409,-23.258,-20.947,-19.137,-20.212,-22.001
41.077,36.489,18.361,23.527,38.196,35.424,22.544,36.393,31.363,41.204
-34.93,-29.621,-15.565,-19.134,-24.872,-24.492,-18.783,-20.975,-29.323,-17.098
0.27027,-1.557,1.7929,-3.671,4.2163,-0.51677,-0.13238,0.52353,-0.62327,0.30536
9.3332,7.9306,12.318,10.777,12.213,8.0966,10.8,12.708,11.398,8.9354
-10.097,-11.972,-8.9047,-10.859,-10.687,-12.017,-13.689,-12.361,-8.088,-12.011
0.36797,5.0853,5.6789,0.88843,3.1745,2.7647,-0.16527,3.3665,1.7127,5.9791
108.8,81.651,95.432,71.936,88.27,89.745,87.821,85.674,93.461,87.688
73.379,67.297,77.569,84.982,61.338,72.417,83.097,77.217,70.037,78.573
-24.656,-30.966,-15.898,-28.994,-28.346,-22.829,-27.463,-18.613,-18.855,-16.601
37.755,42.492,40.844,30.53,39.254,36.708,34.117,25.802,35.261,29.937
-6.0163,-2.6724,-8.3164,-7.9804,-3.1288,-4.4467,-7.0837,-0.25317,-2.538,-6.8806
12.262,10.197,11.96,11.72,7.0876,8.3761,11.567,11.166,9.4799,10.816
-22.283,-24.844,-22.398,-23.546,-20.904,-31.77,-21.547,-22.541,-25.132,-19.122
-31.514,-17.625,-12.195,-22.013,-22.115,-23.398,-21.933,-27.729,-21.289,-27.834
78.484,79.618,78.276,96.885,80.055,95.455,72.701,71.111,70.397,102
34.151,31.169,25.106,32.025,42.106,29.505,30.286,29.167,34.963,34.616
95.11,90.648,104.06,97.688,102.5,90.598,95.117,101.88,99.007,94.384
18.494,29.144,37.785,16.705,42.997,25.412,19.023,21.354,29.733,24.44
39.602,27.312,38.423,39.434,36.784,31.375,37.021,31.994,38.428,33.796
-11.975,-15.749,-14.47,-23.651,-9.3525,-14.803,-13.926,-13.885,-19.87,-9.9542
-11.403,-12.825,-6.6088,-13.107,-9.8797,-9.804,-5.3132,-14.133,-9.3858,-14.139
30.893,40.751,42.749,41.86,39.507,39.321,37.327,33.577,48.933,36.82
-31.784,-18.989,-15.919,-26.676,-26.804,-21.7,-22.385,-16.287,-30.277,-16.966
25.468,41.339,37.319,38.705,39.666,53.221,42.577,43.76,36.642,36.043
-12.727,-6.5616,-12.725,-11.792,-18.743,-11.654,-9.7694,-13.77,-9.2209,-9.7133
63.147,64.695,86.655,86.394,58.432,83.134,99.583,93.026,69.841,96.75
9.9312,9.3782,7.3135,11.388,9.7638,9.7219,10.46,9.9776,8.5939,8.7589
32.622,35.142,35.859,45.26,39.572,35.334,30.556,34.174,35.49,35.069
8.2748,10.128,10.659,10.732,10.812,8.2072,11.463,6.9514,10.926,11.46
51.608,55.074,48.709,37.277,38.126,55.341,39.443,46.674,41.511,38.053
10.809,10.653,8.427,10.042,8.4688,10.972,8.8529,10.098,10.737,9.3295
94.535,108.19,91.099,95.974,84.968,96.288,87.06,96.912,99.466,92.235
15.093,7.3921,12.837,12.462,11.958,9.4731,12.543,13.997,6.1366,14.152
14.36,11.425,13.269,15.846,9.8319,12.492,15.953,12.44,16.959,7.7397
-15.535,-26.071,-13.675,-10.566,-23.189,-14.564,-26.795,-15.76,-16.005,-17.223
-7.783,-1.8101,1.7381,-2.3323,-5.9927,-6.9441,-8.2931,-12.796,-3.8156,-6.7736
34.05,28.813,34.931,25.034,33.249,30.748,36.223,38.903,36.848,40.371
31.877,27.648,39.162,36.16,35.541,20.662,25.748,38.101,37.085,29.004
-19.225,-15.499,-15.71,-15.735,-18.72,-20.741,-14.36,-12.158,-15.965,-14.279
9.0221,11.727,7.3974,10.075,8.6755,11.569,6.2299,8.8025,8.8255,9.5836
5.6025,0.089598,1.0091,5.8335,2.6605,4.4167,0.91008,0.87999,4.5645,1.3217
31.53,39.1,30.993,34.301,41.096,35.71,29.592,37.14,41.4,37.992
38.566,43.844,30.043,35.852,39.546,33.236,36.464,35.847,34.98,33.651
96.366,105.33,94.521,85.8,87.328,102.97,100.99,102.02,93.912,90.839
-0.83649,3.0259,4.807,4.0214,2.4418,2.2325,2.4729,3.2199,2.9409,-0.29327
43.978,36.809,53.241,60.066,50.573,37.032,47.211,48.841,39.738,40.49
112.17,93.014,85.645,90.813,94.848,95.362,111.28,80.483,91.428,85.836
37.669,40.778,40.881,29.76,34.24,34.851,35.566,40.808,41.103,36.28
79.962,50.373,99.739,71.953,76.635,52.927,74.633,63.025,76.515,88.616
38.615,38.245,32.251,30.051,35.789,34.351,31.795,32.523,42.917,45.745
4.1246,1.8739,5.4154,2.6579,2.6223,4.255,1.2334,2.291,-0.044134,0.62471
8.7926,9.9899,11.873,8.6715,10.965,8.1116,9.1858,10.222,8.5773,9.5212
0.7645,0.065561,-0.41759,1.9146,-0.61421,2.7126,3.1669,-0.51734,5.9167,2.2643
-16.18,-11.935,-18.594,-15.378,-14.756,-19.729,-16.992,-17.573,-16.669,-15.252
91.575,105.2,91.533,89.263,91.083,92.936,81.426,89.149,88.241,102.42
21.937,30.714,25.278,31.055,36.755,35.173,27.273,30.767,33.423,32.739
3.2152,3.5977,1.3188,4.2213,8.139,-1.5489,5.8293,3.7748,2.0749,1.0098
-12.703,-12.558,-11.35,-11.844,-11.198,-10.177,-10.254,-12.647,-9.6091,-11.655
83.485,87.649,96.462,103.4,92.102,96.767,101.23,92.303,81.779,101.16
65.816,92.629,98.95,72.242,82.304,67.453,63.584,82.04,91.991,78.779
9.903,8.1666,9.2323,9.8645,8.7424,9.4032,9.9035,8.9786,10.272,8.6296
29.838,39.553,25.493,36.654,26.673,27.214,36.162,33.243,40.064,28.661
12.255,12.181,12.107,9.8436,15.546,7.3762,10.102,13.378,8.9954,14.793
9.1998,13.07,12.77,9.8339,8.7403,10.294,8.7451,10.189,10.855,11.116
61.908,31.431,78.984,76.57,56.125,61.494,47.507,46.984,69.898,49.942
52.905,47.541,45.378,60.497,43.965,41.248,54.262,37.46,58.738,47.073
-18.987,-18.468,-17.311,-23.088,-14.627,-12.806,-19.818,-10.094,-24.721,-18.283
83.949,106.7,91.696,105.08,94.73,97.356,100.02,108.41,96.024,92.616
11.154,12.261,10.737,12.39,11.707,12.115,16.28,13.106,11.963,10.226
9.5931,11.899,12.024,9.5277,8.0794,10.375,11.283,11.099,9.5428,9.6573
-6.3412,-0.32965,-8.2309,-9.0521,-5.0425,-3.8113,0.75974,-2.4668,1.0705,-5.9581
-0.94956,-9.1121,-6.3764,-4.1087,-1.5291,1.5341,-3.7733,-6.558,-1.6004,-1.5021
-12.016,-10.625,-12.477,-10.352,-13.099,-10.984,-13.116,-9.159,-13.85,-10.067
-10.768,-12.611,-7.4912,-10.449,-12.734,-12.211,-7.6771,-7.2125,-14.163,-16.722
1.0081,0.073806,-0.9907,-1.2714,0.75568,2.865,-1.655,-0.39188,1.6951,3.3524
-13.116,-8.8584,-10.973,-12.549,-10.342,-12.121,-11.481,-13.109,-13.421,-9.6356
-4.1739,-4.6511,-1.9654,-1.7025,-4.082,-4.2494,-3.4506,-3.1073,-5.5057,-5.9527
33.675,31.632,34.815,40.269,37.406,36.011,40.837,31.111,45.139,32.082
-11.26,-13.622,-9.9657,-11.204,-11.097,-10.458,-12.933,-10.531,-12.372,-11.226
9.9061,9.7486,10.296,10.68,8.5175,10.205,10.275,8.9689,9.9844,8.8965
33.201,29.337,39.911,33.914,31.944,35.844,33.891,33.811,36.527,41.143
71.832,56.248,67.742,70.738,36.054,87.467,72.583,66.259,52.058,51.801
8.2774,12.156,16.64,13.604,9.306,9.7401,14.489,15.408,9.0206,10.523
-20.095,-20.669,-10.285,-16.527,-14.966,-20.609,-16.215,-19.19,-12.237,-18.41
32.952,30.569,34.727,28.442,29.159,32.152,28.463,34.921,25.287,32.975
-14.894,-17.646,-15.589,-19.043,-19.772,-18.437,-15.343,-18.994,-18.203,-19.928
-17.012,-17.471,-13.738,-17.662,-17.388,-18.828,-15.95,-16.508,-10.972,-11.616
94.514,97.237,97.342,93.443,96.191,98.379,84.738,109.1,100.04,100.22
-18.241,-17.074,-22.927,-15.247,-25.834,-27.711,-18.063,-14.717,-18.201,-18.383
93.523,96.073,94.209,96.602,93.402,94.987,99.759,86.248,100.51,106.6
37.445,35.895,27.276,32.731,36.55,29.746,28.711,31.597,32.149,44.599
-20.612,-21.264,-23.748,-24.425,-19.977,-12.821,-26.668,-28.171,-19.05,-20.892
-4.8719,0.19316,-5.929,-7.4063,-1.3615,-4.8166,-0.553,-1.3596,-2.905,-4.2648
12.143,8.0453,9.5894,13.756,8.4728,11.871,14.559,12.855,15.418,8.776
-11.933,-12.012,-11.716,-11.808,-11.487,-11.262,-13.384,-8.0034,-10.504,-14.976
11.718,9.8617,10.096,10.299,9.4859,8.8809,9.4146,12.057,10.864,9.896
36.114,33.909,35.107,24.108,24.379,34.364,30.717,38.674,33.494,45.348
96.661,83.223,78.831,70.641,62.17,67.348,63.061,89.965,94.09,74.236
3.6038,0.87874,0.78624,1.8367,6.1949,0.07626,4.3317,3.1093,5.2117,1.9974
-22.053,-31.264,-20.931,-19.223,-26.664,-17.402,-22.204,-18.741,-23.582,-19.455
34.135,39.052,35.512,38.702,42.544,38.544,38.216,37.89,39.28,32.136
-28.37,-31.686,-22.892,-16.857,-24.023,-21.556,-27.901,-30.817,-21.223,-16.614
-12.57,-9.0993,-11.283,-10.179,-13.057,-13.69,-11.949,-11.016,-12.215,-10.069
4.206,1.4181,-0.85646,3.6717,-0.68775,0.80359,1.3001,2.0739,1.0517,-2.2201
60.826,80.177,72.227,64.371,62.091,60.42,68.052,56.415,47.489,88.175
91.154,80.752,101.07,97.378,95.119,103.55,94.602,99.224,87.754,81.093
-2.3719,2.3881,4.012,-2.0146,0.67321,2.0071,2.8657,7.0491,1.8936,-0.24631
53.298,46.276,49.466,52.095,39.971,48.849,45.176,47.258,38.801,48.275
35.708,46.25,46.653,52.899,44.288,44.593,44.829,50.595,49.178,39.55
27.464,29.729,28.627,35.674,34.918,31.662,28.368,25.174,32.185,35.251
2.382,-0.18923,-1.7085,3.485,2.3938,0.081935,0.8991,2.5827,1.4478,4.2745
35.542,91.905,64.06,44.591,57.738,44.055,53.672,52.851,45.725,73.029
93.901,73.33,95.828,88.314,89.298,93.255,77.369,86.845,101.89,84.558
10.944,7.6352,7.0566,10.089,9.4671,11.094,11.894,9.359,8.7243,10.339
42.815,38.301,31.333,36.873,41.255,32.577,37.216,37.265,35.31,33.954
65.549,64.048,55.654,51.359,68.699,88.313,58.205,73.094,47.874,66.574
59.917,48.341,52.719,37.739,44.265,27.944,47.009,46.518,39.275,49.034
-12.998,-20.002,-18.229,-14.7,-16.857,-16.143,-27.225,-27.677,-22.643,-13.862
56.767,43.287,54.539,39.882,37.96,62.681,51.045,65.907,53.768,72.897
12.808,15.192,15.287,5.3174,14.34,8.7041,12.246,14.343,8.9837,9.8669
37.515,40.596,33.674,36.976,41.501,33.773,28.326,34.924,33.924,34.759
73.773,93.477,97.319,79.096,95.247,90.601,68.254,82.147,98.936,65.704
69.896,50.558,63.289,29.993,48.731,58.759,67.136,67.998,48.497,46.01
77.463,68.931,59.567,58.621,89.955,56.313,91.459,86.388,74.102,75.167
-27.97,-22.439,-19.765,-21.345,-26.898,-24.808,-12.758,-26.237,-24.812,-24.265
2.8188,4.9141,1.7459,0.25758,1.6058,2.5335,-0.27535,2.2203,5.7406,0.13784
41.605,35.671,37.421,39.976,39.591,39.963,36.735,44.206,30.53,35.703
-24.688,-18.284,-25.29,-20.942,-24.501,-12.256,-17.064,-20.45,-17.825,-26.618
18.203,9.3412,13.365,13.292,13.768,9.6716,11.399,14.536,12.338,10.711
36.269,26.384,34.244,36.879,33.852,38.366,37.773,29.797,40.843,41.525
35.331,27.941,34.439,30.281,32.707,39.123,29.783,39.427,46.544,32.46
27.384,40.325,26.876,30.602,30.656,22.107,33.298,40.264,18.521,23.571
31.516,27.832,32.828,22.058,32.922,25.451,36.762,25.528,27.477,30.807
56.826,36.765,60.976,52.128,38.846,83.608,74.613,59.052,60.42,64.91
3.4151,2.8213,-1.6905,0.26253,1.6538,-0.096467,-2.1535,3.0878,1.3414,3.9062
37.88,34.018,33.86,39.404,37.591,41.006,36.544,40.187,37.484,35.72
-19.461,-13.437,-19.183,-17.2,-11.729,-16.544,-14.506,-21.155,-15.911,-19.28
-16.73,-21.409,-16.781,-15.44,-18.207,-15.543,-12.54,-16.746,-14.01,-10.401
39.509,38.029,48.874,36.502,40.771,37.257,43.146,35.292,36.018,37.71
46.927,43.7,55.853,56.601,64.81,43.507,45.944,56.362,53.958,43.173
10.141,12.856,13.773,11.275,16.495,9.7772,15.624,8.975,13.584,14.285
-11.772,-6.1197,-11.949,-5.9267,-13.835,-14.032,-8.4369,-12.507,-10.302,-6.9583
5.3998,2.4039,2.4287,3.5792,-0.32786,3.7903,4.3963,1.8046,3.5658,3.6883
-26.922,-19.016,-21.849,-21.09,-22.466,-13.907,-16.18,-27.409,-32.595,-19.515
30.768,47.675,17.941,25.819,25.267,27.717,25.122,28.708,26.945,41.973
-11.727,-11.982,-12.848,-11.641,-10.72,-10.42,-12.239,-11.138,-9.9099,-9.953
37.318,36.617,35.058,39.683,35.646,34.764,41.854,41.981,36.615,38.047
-3.8831,-5.4955,-2.4695,-6.2589,-1.1578,-9.9173,-1.33,-1.4897,-5.3117,-6.2219
-13.439,-35.297,-21.953,-20.177,-30.911,-20.551,-17.576,-23.974,-23.858,-19.686
85.662,92.16,92.68,91.061,99.778,104.62,97.891,88.637,93.057,97.776
-12.219,-18.311,-24.326,-34.699,-31.919,-28.802,-15.009,-21.774,-22.113,-25.176
67.068,62.978,60.25,55.487,82.506,59.143,43.604,55.62,74.509,78.176
35.899,22.999,34.337,33.28,29.621,22.638,37.835,49.036,19.124,30.777
-22.069,-19.363,-21.388,-22.612,-23.113,-18.858,-22.708,-22.277,-23.11,-22.332
-20.923,-17.048,-22.579,-16.707,-25.708,-28.451,-16.923,-25.059,-23.239,-23.728
5.9633,2.3497,4.0433,-0.37877,-1.0396,1.8447,2.5663,3.2365,2.0449,1.6549
106.37,90.823,93.626,104.41,91.434,80.762,94.999,89.096,84.883,97.61
-12.036,-14.127,-10.207,-10.207,-8.5135,-12.762,-10.832,-6.614,-11.415,-9.2835
25.706,34.47,36.944,33.035,44.821,33.177,38.696,27.606,29.395,32.171
33.229,28.242,38.948,30.76,37.297,28.39,34.596,34.292,28.491,29.742
63.059,79.174,53.431,57.897,47.794,57.912,58.595,63.718,62.091,47.488
49.05,44.906,49.47,62.058,52.89,45.971,49.086,56.563,38.324,54.776
2.2407,-1.6723,3.8468,2.023,0.23606,2.6793,3.2891,3.7108,7.143,-2.0986
-26.16,-22.074,-16.666,-25.9,-22.441,-22.3,-22.527,-21.954,-15.989,-26.831
-2.0704,1.414,2.8093,2.3746,3.5787,-0.20791,1.189,-1.9493,0.85548,0.57198
11.648,9.4744,17.181,3.984,14.928,11.993,13.936,7.8954,17.275,11.245
59.251,59,65.454,71.968,64.959,84.373,76.763,47.219,70.557,84.905
28.482,30.445,34.653,33.064,31.887,39.442,30.854,24.49,32.055,28.489
63.815,79.289,80.996,64.035,39.581,56.596,70.681,92.798,72.946,84.351
-2.0635,-2.1506,-2.6735,-6.4098,-0.31809,-4.7541,-5.5397,-4.5978,-4.6115,-8.3317
8.3499,12.34,9.3126,11.369,8.4102,9.7602,10.399,11.288,11.395,12.289
-22.574,-25.195,-19.846,-18.243,-21.902,-25.768,-22.948,-19.038,-20.585,-18.969
43.533,50.417,48.84,55.976,48.261,44.074,48.445,57.507,51.335,56.656
-22.74,-17.812,-22.952,-18.74,-22.344,-20.825,-19.914,-19.397,-21.108,-23.009
33.143,28.012,34.965,23.037,28.923,30.523,39.179,34.95,32.56,25.547
10.616,12.185,11.165,6.2499,10.245,14.852,13.098,10.885,13.783,11.295
1.851,3.4173,2.7981,0.46228,5.3815,-1.7806,1.5691,3.5179,1.5445,1.5189
93.617,86.12,65.338,62.138,85.307,53.227,68.28,103.05,96.349,91.382
-0.22961,4.3501,0.35693,1.5557,5.4219,1.4352,0.95389,2.0828,-0.54833,5.1359
9.7263,11.764,9.062,9.1882,8.6986,10.538,12.159,11.877,8.1939,8.2964
-1.0621,2.8472,4.2695,2.382,-2.1172,1.2457,0.042521,0.96191,4.9537,3.7248
-25.836,-17.014,-25.717,-31.592,-28.844,-10.712,-16.599,-20.445,-30.425,-17.902
-19.942,-19.134,-28.798,-20.629,-23.603,-29.345,-23.17,-28.136,-20.279,-15.32
53.228,52.521,52.073,47.046,50.189,39.322,45.95,47.538,32.478,43.983
35.141,26.87,34.087,31.493,35.814,28.515,31.23,34.899,30.862,32.51
-9.0789,-11.075,-12.043,-9.6988,-10.866,-12.12,-11.504,-11.814,-12.396,-12.218
-6.7795,-8.3119,-6.6967,-2.8368,-6.3488,-2.2491,-2.9583,-6.7167,-6.5254,2.313
2.3532,2.1675,1.5198,0.41434,2.4048,-0.0075103,3.6163,2.4543,1.1232,-1.5847
109.54,86.76,103.49,92.837,104.77,102.13,103.83,93.805,88.645,93.259
50.426,64.342,56.166,63.176,82.575,85.519,94.294,67.297,71.772,43.261
-9.7872,-12.445,-10.909,-10.311,-12.436,-10.603,-11.207,-10.577,-13.671,-11.059
10.556,11.856,15.304,13.916,10.537,12.714,12.603,8.7286,14.35,16.757
63.829,60.764,56,59.295,95.406,58.892,70.637,58.714,63.098,70.961
34.805,21.02,27.081,32.597,14.903,29.382,13.784,31.712,33.495,47.767
6.7336,-5.0873,-0.72544,-3.8722,-5.8954,0.16733,-6.7374,-4.9383,-6.1852,-8.6444
-16.933,-13.075,-27.463,-18.532,-26.542,-26.479,-23.103,-28.025,-22.735,-21.353
51.207,42.831,53.328,83.02,67.604,68.344,69.437,79.176,69.63,30.505
95.317,102.87,100.85,95.464,100.26,95.567,86.934,89.917,97.253,92.677
-23.612,-28.785,-15.27,-16.181,-16.02,-19.298,-29.824,-19.941,-22.979,-18.247
-11.935,-13.858,-18.478,-17.388,-15.865,-14.983,-14.27,-13.21,-17.74,-12.535
63.767,57.234,74.794,76.127,83.006,104.74,72.342,100.6,94.098,93.713
37.082,35.396,32.391,37.721,38.582,38.906,32.221,30.591,39.669,31.326
56.374,46.685,40.04,47.477,42.943,43.291,41.594,38.841,55.237,59.981
40.388,31.984,38.776,36.612,34.558,33.683,31.136,31.08,34.571,37.416
36.638,34.897,13.564,35.377,27.247,30.55,24.763,38.205,36.296,30.851
-22.709,-28.237,-18.897,-26.036,-14.636,-31.201,-17.566,-17.275,-17.31,-26.053
76.239,54.04,46.74,72.3,46.494,62.317,73.802,55.98,54.578,58.662
39.084,44.295,67.526,49.19,57.419,53.334,77.818,55.834,75.798,62.931
28.661,32.484,30.436,25.433,27.921,22.725,23.996,34.514,34.684,23.334
-24.653,-16.885,-28.791,-23.419,-19.752,-16.269,-15.11,-28.2,-27.096,-25.353
-20.159,-16.856,-16.351,-19.725,-12.798,-17.551,-18.572,-10.832,-27.002,-17.883
16.02,24.122,35.304,34.021,27.272,24.376,26.946,25.414,44.238,30.304
54.902,60.132,36.88,54.051,74.661,68.445,58.761,68.539,86.201,58.981
31.074,28.174,35.689,39.526,37.183,33.305,28.769,42.266,35.966,40.455
-21.055,-20.266,-20.233,-22.059,-21.801,-20.978,-27.463,-26.836,-22.09,-22.213
-1.9067,0.24037,2.5322,4.2088,1.1566,5.1213,4.8536,0.17058,2.3402,3.6481
5.0147,3.6938,0.41091,2.259,6.4609,2.3591,-0.98163,3.0772,-0.63221,2.9417
8.9069,12.186,9.1673,9.0158,11.052,8.9545,9.6956,8.9176,11.081,11.675
86.121,82.713,59.185,73.013,67.379,72.559,84.291,94.587,85.129,76.689
8.3448,10.031,5.4442,14.932,13.037,13.925,13.537,9.2825,11.327,13.389
-8.5766,-4.5222,-11.31,-7.4529,-9.9957,-13.467,-12.693,-10.861,-8.0725,-13.665
-8.5198,-2.2634,-1.5725,-5.104,4.3707,-3.3749,-6.5268,-3.0929,-2.3477,0.083159
11.757,13.123,9.8494,15.495,12.63,13.355,11.63,11.296,14.364,14.557
1.5697,1.4908,6.1622,-2.5741,2.9009,1.4218,8.1952,-0.4369,1.0581,0.14957
81.944,82.358,84.001,75.291,47.517,100.4,82.986,90.602,98.622,69.052
-23.222,-18.843,-17.27,-18.89,-21.405,-21.93,-23.749,-20.577,-21.741,-20.774
37.075,39.105,38.686,34.384,40.897,43.21,36.248,36.076,33.981,32.095
60.604,42.675,68.14,57.359,42.798,33.18,68.785,76.431,62.197,69.966
28.671,39.633,31.988,30.068,33.747,29.658,27.259,34.565,33.223,40.605
51.039,48.317,49.984,59.271,55.529,45.697,46.263,39.231,45.636,52.587
27.688,7.7317,23.008,42.852,19.168,19.244,49.507,38.708,24.437,37.277
2.6683,3.0667,3.5248,0.35371,5.1312,1.8457,5.1036,0.22288,2.0267,5.4839
-17.186,-28.621,-33.871,-20.579,-17.312,-12.514,-13.413,-16.442,-24.207,-27.514
-0.051767,1.2209,-0.91086,0.7595,2.404,2.5261,-3.4933,0.034147,0.5696,0.57897
59.697,59.613,56.663,67.161,72.063,51.659,42.507,50.558,67.7,53.745
35.93,13.976,23.854,22.107,28.483,24.5,27.586,28.516,40.904,25.752
-19.804,-20.615,-19.254,-19.331,-23.993,-20.816,-20.144,-20.439,-20.066,-22.048
-21.494,-27.361,-24.978,-13.542,-20.479,-28.533,-16.45,-15.611,-25.235,-18.807
-19.213,-20.697,-20.988,-22.521,-19.392,-21.806,-19.3,-20.308,-20.774,-23.195
-16.326,-20.728,-25.346,-12.168,-21.992,-25.784,-25.167,-10.316,-31.669,-12.988
40.234,42.411,42.662,35.305,40.27,40.423,39.884,37.023,33.007,36.952
50.362,51.67,44.203,49.044,54.131,47.835,44.974,46.491,51.525,57.614
-26.893,-21.155,-19.388,-13.576,-14.28,-27.249,-20.858,-23.208,-23.505,-16.762
18.225,12.281,6.7507,13.704,13.594,8.3292,8.574,6.2477,11.766,3.1265
-0.65966,1.1761,0.57154,3.3359,1.2278,-0.51365,-2.0174,-1.3151,-1.9055,0.84741
74.56,81.909,64.671,71.428,56.008,82.715,60.975,57.288,71.342,58.237
25.723,39.872,27.599,35.56,31.72,38.376,40.803,28.888,40.116,35.797
9.6541,10.045,12.755,12.099,9.5553,10.195,7.9267,10.196,10.716,10.622
-21.484,-21.941,-24.71,-23.175,-23.001,-18.357,-24.515,-23.183,-24.628,-25.272
-13.559,-14.306,-20.403,-12.923,-16.065,-17.471,-19.192,-12.988,-10.362,-14.555
-0.023772,-4.166,-3.4449,-2.5452,1.1389,-6.2224,-0.10105,-5.4783,-2.7002,-5.1899
30.17,31.577,34.319,33.858,29.982,32.769,35.88,36.834,25.692,31.463
65.015,67.172,61.638,101.52,71.509,72.207,55.156,44.453,76.959,54.81
-23.807,-11.781,-23.801,-20.588,-28.04,-24.548,-19.472,-24.475,-25.595,-21.789
10.148,15.516,13.307,10.762,10.131,12.509,12.887,14.723,11.79,12.253
-11.131,-13.679,-12.103,-10.978,-9.7987,-7.2281,-12.829,-10.919,-11.07,-13.144
-20.153,-25.21,-30.299,-19.423,-22.069,-28.206,-27.522,-12.267,-27.41,-23.685
-1.0654,-1.8547,2.7838,2.02,2.0126,-1.7648,2.0138,-1.3181,2.042,-1.0592
37.807,37.236,42.301,26.557,38.46,39.723,28.681,34.994,30.194,38.061
-28.398,-27.638,-24.029,-26.185,-27.555,-21.74,-21.034,-26.629,-22.179,-20.135
51.626,45.298,57.211,49.737,37.014,54.913,52.483,37.268,56.603,55.199
42.325,35.406,30.336,38.337,32.578,30.159,35.703,36.21,29.603,34.434
5.4232,1.1046,5.9379,4.5657,-0.35721,1.2778,1.1394,1.6109,1.633,4.3378
6.5145,28.145,27.135,26.116,32.863,45.701,30.792,33.766,26.548,32.535
1.2991,1.4054,1.5376,2.4962,0.83307,2.4238,-0.1404,5.4932,0.64482,4.7419
-12.664,-14.485,-9.9424,-11.185,-12.962,-11.685,-10.142,-11.993,-11.527,-10.796
65,88.544,51.082,52.586,63.615,50.984,65.761,49.311,69.198,33.527
3.0881,0.52196,1.8738,0.032199,-1.7138,4.5155,0.46804,1.6067,1.5299,1.4943
8.8592,11.183,12.696,10.198,13.429,10.909,11.083,12.038,16.418,13.694
28.05,16.338,23.311,26.076,26.039,17.067,43.314,27.194,27.468,41.112
13.734,0.84715,10.274,10.984,11.114,10.886,14.516,13.34,12.634,16.578
-11.335,-11.854,-13.807,-8.242,-4.8347,-7.9517,-9.6333,-6.2729,-6.1833,-10.842
-14.645,-18.84,-12.163,-21.568,-14.761,-17.809,-18.535,-16.724,-13.341,-18.594
12.792,9.037,11.122,10.555,9.0684,9.8616,12.684,10.524,9.0561,11.03
95.564,89.402,102.8,103.72,103.92,92.69,96.657,82.322,99.374,102.1
21.28,25.012,37.227,33.151,31.441,33.051,37.928,35.222,32.241,37.323
-1.252,3.2185,4.3404,-1.7149,0.030954,0.9976,0.69816,0.70053,3.0416,0.27884
-21.814,-19.098,-24.029,-21.838,-26.887,-24.754,-26.906,-13.01,-16.171,-25.88
-25.428,-25.52,-27.375,-17.609,-20.395,-17.839,-11.971,-20.226,-13.361,-22.687
-17.062,-21.718,-15.155,-18.546,-15.723,-17.163,-13.142,-22.604,-17.4,-15.381
14.609,14.597,12.814,10.812,15.921,16.611,16.601,13.422,14.153,13.153
72.62,72.28,59.073,84.304,100.98,69.254,52.236,75.514,71.359,51.462
0.3068,-1.7231,2.223,-0.059567,1.4471,-1.8713,2.3108,2.7267,-1.6884,0.49625
-5.6999,-5.9109,-5.166,-2.6281,-9.1711,-9.5865,-2.5824,-5.1027,-5.0323,-5.5671
47.278,45.793,49.413,48.368,42.384,55.541,54.966,41.435,38.795,48.395
84.763,102.05,100.28,98.644,86.146,106.95,89.187,95.668,90.58,92.302
-11.503,-10.653,-8.7104,-12.256,-12.762,-10.069,-11.426,-10.805,-10.963,-12.633
-25.889,-19.272,-26.519,-32.11,-31.771,-26.944,-24.71,-22.98,-14.621,-31.267
2.5877,3.6996,3.6388,-0.57316,-0.93635,4.3779,6.2839,5.0232,4.8876,1.0804
-13.922,-8.8517,-8.6595,-7.0831,-5.1029,-12.47,-8.1896,-7.1239,-9.2533,-12
44.506,27.008,30.428,34.8,33.051,32.472,31.357,31.432,31.154,32.836
-21.877,-19.661,-21.854,-20.05,-19.363,-21.119,-18.51,-17.862,-21.836,-19.685
39.492,56.889,53.981,46.208,53.171,43.988,44.83,51.235,59.604,50.648
14.034,12.343,10.187,10.018,14.295,13.111,7.7906,9.7715,14.253,15.61
20.124,29.116,32.471,30.823,31.514,28.937,30.02,26.425,33.562,28.032
30.889,32.845,39.803,35.96,36.014,37.623,42.843,32.147,38.02,34.369
3.1494,2.1968,2.1842,2.5655,0.9762,5.4389,0.52998,1.6712,1.3451,4.6056
40.508,56.54,36.403,53.16,43.183,64.14,46.243,57.285,47.607,34.427
-3.5349,-5.4216,-3.2024,-1.9911,-7.0384,-3.8543,-4.3766,-8.489,-3.4489,-5.6436
-5.287,-2.4805,-7.8209,-8.3999,-7.0364,-1.3442,-4.1852,-9.7336,-5.154,-2.9653
33.997,29.852,42.457,38.459,34.529,37.536,34.687,28.66,41.849,41.434
68.403,69.6,61.049,75.012,73.013,77.17,60.794,81.909,74.756,75.663
-20.4,-24.123,-23.148,-32.665,-23.227,-24.412,-16.558,-24.854,-14.697,-27.24
30.104,19.358,19.46,21.772,19.77,29.843,34.031,32.107,11.425,34.32
92.038,94.6,94.051,95.885,89.472,95.344,86.807,81.731,93.172,84.391
-28.96,-24.316,-22.021,-23.283,-18.148,-22.689,-27.648,-26.035,-18.613,-24.396
8.6402,10.555,11.056,16.411,7.1841,12.557,11.35,7.0193,14.176,10.018
61.988,62.156,57.912,40.95,52.967,51.761,46.82,52.961,76.159,57.62
-10.536,-11.74,-12.435,-11.983,-11.227,-13.73,-9.9588,-11.171,-11.483,-13.228
26.167,28.108,30.776,32.774,33.859,30.663,32.64,24.819,37.799,28
23.342,25.608,26.849,21.979,33.962,25.368,34.781,30.355,33.32,44.414
-21.399,-12.967,-16.9,-17.252,-12.516,-9.2912,-18.782,-21.439,-20.794,-14.4
42.594,35.704,36.755,30.323,43.443,36.562,35.591,42.605,35.715,40.213
-21.003,-16.066,-16.09,-15.004,-8.3561,-21.137,-11.257,-15.278,-15.385,-20.106
-16.501,-12.248,-15.081,-20.267,-15.431,-16.014,-17.227,-15.614,-14.088,-17.809
10.209,7.1074,17.8,10.786,12.153,13.348,10.045,11.388,9.3074,12.752
53.11,48.839,49.159,39.951,50.574,56.376,53.649,48.467,56.575,48.887
8.7759,10.043,11.243,8.9717,9.9455,9.4795,9.5062,9.7233,7.6005,10.876
84.609,103.72,99.56,100.4,99.609,99.66,87.016,95.768,91.294,88.367
-14.072,-23.578,-17.63,-23.436,-21.529,-12.667,-22.609,-18.907,-19.734,-28.649
10.364,13.995,13.408,13.868,16.823,12.691,13.132,11.93,9.7063,12.453
-12.893,-6.3755,-10.85,-5.4352,-13.37,-10.796,-7.6567,-5.3199,-10.789,-12.121
-15.569,-10.476,-4.3873,-10.906,-12.144,-11.719,-2.1722,-9.9629,-6.7218,-10.295
-8.6421,-13.633,-8.5231,-16.107,-14.737,-3.4407,-10.184,-9.2394,-9.0711,-8.7056
-5.7707,-9.5574,-12.485,-12.768,-9.156,-13.608,-11.97,-11.749,-11.906,-9.3541
74.246,101.74,90.154,63.834,74.46,61.211,71.887,91.948,68.943,54.497
-3.3543,1.1309,1.9186,2.2159,-0.65774,-1.4114,-2.3722,-1.0435,0.96432,1.4086
36.346,37.528,31.472,36.755,44.489,35.423,38.476,28.687,36.908,39.927
72.405,55.774,36.359,45.559,67.214,58.585,59.707,65.063,53.56,75.418
27.966,33.53,32.066,22.985,17.371,29.677,36.424,32.815,15.967,37.056
41.368,39.933,37.046,38.512,34.672,32.983,35.569,38.137,37.727,37.234
54.108,74.708,79.117,88.641,62.375,74.136,82.445,81.786,57.739,65.328
56.552,39.569,47.713,40.099,53.787,50.117,43.81,45.223,49.416,60.671
1.2703,2.2394,2.0532,-0.20172,-2.9609,0.14256,4.5445,2.334,-0.14927,0.25401
17.908,30.482,19.142,32.893,14.689,41.162,33.146,34.634,22.305,33.073
13.984,6.2575,14.002,10.176,11.994,11.32,12.218,11.534,15.665,11.386
94.772,105.32,87.736,103.88,80.054,96.184,80.895,101.91,93.605,78.031
107,94.079,98.701,91.183,97.374,91.613,94.936,106.13,87.675,98.263
57.951,78.868,44.059,89.192,72.532,56.189,85.433,68.099,88.132,61.067
-8.7417,-10.61,-8.3189,-3.4577,-12.513,-6.8715,-14.141,-8.7689,-8.6067,-9.1324
50.689,51.637,42.807,55.011,41.516,41.655,57.336,50.129,58.159,58.569
-26.445,-25.886,-21.455,-15.803,-18.202,-33.183,-27.634,-23.128,-21.655,-22.098
62.786,71.266,71.817,63.02,58.262,60.437,60.339,72.966,77.655,67.476
63.487,45.117,63.802,46.064,42.693,47.074,58.05,44.194,46.069,56.275
52.159,49.368,57.95,49.734,37.228,54.886,50.304,49.882,46.14,37.386
16.242,33.068,31.567,18.887,21.674,32.266,27.741,22.229,39.91,5.3963
62.494,44.503,66.85,28.328,52.821,52.829,53.141,47.645,61.093,59.534
15.521,11.551,8.1961,10.086,12.227,11.708,11.214,11.37,14.762,9.0154
69.001,77.581,94.436,93.915,80.421,76.708,85.833,59.148,82.537,78.086
106.94,102.15,102.07,93.792,84.131,98.913,90.258,102.48,91.993,99.261
-22.327,-16.57,-22.267,-24.81,-21.846,-21.51,-21.426,-19.173,-19.653,-21.423
-18.994,-23.589,-20.397,-21.319,-22.457,-20.692,-17.335,-20.076,-19.249,-20.824
29.156,31.714,32.188,31.618,34.423,37.941,36.622,43.738,34.632,32.341
-8.5257,-13.691,-14.952,-11.794,-12.344,-7.6808,-11.349,-11.749,-10.115,-13.796
24.303,28.562,27.106,29.219,26.667,17.654,35.184,24.126,15.185,34.514
33.001,28.566,28.852,29.082,33.204,27.59,36.243,35.671,31.979,29.623
-2.5293,-7.2986,-1.17,-5.8147,-2.1873,-6.0102,-3.739,-7.2783,-5.7303,-7.5453
2.5041,-0.083524,0.35465,5.1987,-3.533,-0.75901,4.5832,2.7803,-1.8143,0.38186
33.074,35.579,34.739,36.399,41.947,41.153,34.893,31.563,43.515,37.106
-7.8805,-1.032,-3.4668,-3.5799,-5.8214,-1.727,-4.4988,-5.9614,0.64785,-8.5694
-18.786,-15.792,-20.184,-20.779,-22.324,-20.692,-17.171,-18.588,-20.877,-19.3
34.63,28.748,28.922,27.74,32.345,34.569,32.78,28.982,40.379,28.704
12.148,11.266,12.17,13.426,12.106,12.731,9.6999,6.8142,13.449,17.645
43.623,51.126,61.058,59.548,78.476,69.967,75.296,62.707,67.787,60.755
34.468,28.033,33.068,31.733,29.77,33.833,31.181,27.444,36.296,27.363
-19.303,-18.573,-23.336,-15.267,-16.878,-12.803,-18.936,-15.618,-22.588,-17.159
91.314,58.933,84.913,65.626,51.413,101.46,40.669,61.498,64.009,83.077
47.413,72.597,81.977,54.53,57.095,61.061,64.234,57.694,38.844,51.564
32.019,34.804,21.841,25.506,29.949,25.923,24.126,13.124,22.399,-0.42794
40.155,38.402,32.959,31.299,32.101,42.151,38.297,43.836,35.966,38.75
100.78,108.22,91.617,97.833,103.68,93.809,80.507,101.19,75.712,96.328
16.095,5.7108,18.729,10.35,12.737,14.816,12.511,18.384,9.2183,12.541
1.1409,4.6747,0.73243,1.0417,5.0285,2.7566,2.8187,0.094708,0.69448,4.7576
-21.452,-19.607,-22.742,-23.28,-18.045,-19.269,-15.108,-21.592,-20.157,-18.71
84.256,69.843,90.881,50.768,61.996,60.077,52.769,56.306,92.086,99.521
-22.936,-19.716,-11.659,-14.63,-24.615,-23.236,-21.325,-18.356,-22.485,-23.562
-12.103,-10.452,-11.796,-9.6175,-11.292,-11.275,-11.134,-9.8176,-12.087,-12.283
101.88,98.116,98.318,100.35,106.26,89.096,85.645,86.616,100.85,100.57
35.693,28.659,29.884,41.234,27.518,33.915,37.27,35.192,33.651,27.862
-3.8464,2.2634,-0.48161,5.5276,2.0402,4.5475,4.5632,2.6772,1.378,2.1133
-15.749,-16.782,-14.243,-15.649,-10.16,-18.162,-17.578,-14.599,-13.472,-15.954
53.707,65.174,68.858,41.336,53.363,65.843,41.73,60.801,56.136,61.263
16.276,12.041,9.5774,10.882,6.2989,11.16,6.4445,15.132,7.7864,4.6437
43.245,31.456,34.991,29.589,31.577,23.392,27.166,16.068,38.847,27.131
-22.858,-21.12,-20.432,-19.648,-16.575,-19.32,-25.548,-17.869,-18.314,-22.058
21.266,21.518,25.576,18.299,36.602,36.2,22.015,19.283,25.701,17.789
-19.878,-32.436,-12.323,-25.727,-27.074,-29.468,-30.934,-15.837,-24.368,-28.957
41.119,43.197,38.868,40.247,35.685,38.652,33.735,39.967,40.358,32.561
0.96576,1.328,0.76986,1.9958,1.1591,4.492,2.233,2.5944,3.332,4.8315
50.038,46.369,64.756,64.879,66.992,55.818,56.741,90.908,65.51,61.427
47.305,43.24,50.75,49.049,54.146,39.863,44.142,51.089,58.99,44.648
-2.7329,-6.7843,-4.2457,-7.0103,-3.3424,-1.5341,-6.9732,-7.4255,-3.3019,-2.6909
80.934,99.732,68.367,80.066,78.046,71.483,109.56,88.158,80.424,95.334
66.507,73.887,90.257,62.06,78.609,72.667,79.459,69.109,67.423,73.845
-19.75,-18.378,-20.286,-20.595,-15.942,-13.892,-23.189,-14.112,-25.049,-24.39
32.997,28.304,33.576,31.375,29.289,39.222,22.031,32.445,34.859,32.512
-0.40535,1.0216,0.78741,2.2686,0.33684,-0.49333,0.65082,1.7403,2.1543,-0.066763
-15.742,-20.032,-17.391,-23.127,-24.989,-22.748,-22.504,-18.867,-22.724,-19.546
-13.224,-11.901,-10.725,-11.137,-10.973,-12.264,-12.238,-10.637,-11.89,-9.8311
33.39,32.706,37.861,35.137,36.646,45.497,29.756,35.355,28.635,37.78
12.656,7.6367,5.3254,9.508,11.608,7.8588,7.7583,6.64,7.5272,6.436
-21.776,-20.214,-21.027,-23.174,-20.941,-19.673,-23.038,-20.846,-21.408,-18.327
0.81062,0.088013,0.53986,2.4019,2.644,1.3019,-0.62349,2.5428,0.66205,1.0825
-20.661,-18.856,-22.334,-21.515,-21.599,-24.13,-21.657,-24.842,-18.504,-20.12
74.212,68.226,68.067,90.132,50.856,76.636,86.21,57.838,64.497,68.606
-12.602,-12.406,-9.651,-10.744,-11.659,-12.694,-12.055,-13.321,-12.648,-11.686
29.424,36.929,39.488,39.276,36.895,37.995,35.129,29.21,32.723,42.495
55.73,53.265,57.936,56.657,29.302,53.183,64.039,70.961,69.898,52.279
-27.955,-29.738,-21.368,-28.728,-28.166,-10.071,-17.479,-26.239,-23.402,-27.082
46.327,52.962,44.2,48.924,48.733,35.677,54.607,56.92,48.096,37.524
-14.629,-32.649,-23.36,-18.256,-18.505,-28.056,-24.154,-27.507,-19.701,-31.623
-8.8872,-10.604,-10.95,-12.648,-10.625,-9.8429,-12.459,-13.203,-10.411,-11.757
36.458,35.519,38.874,34.245,39.661,29.266,35.978,39.379,29.836,29.104
0.17128,-1.6515,3.2861,-0.95441,0.68996,2.3161,2.2866,3.2263,-1.0549,2.4039
-11.488,-10.978,-11.016,-8.382,-9.7595,-10.605,-13.69,-12.052,-9.9317,-13.967
-20.343,-21.092,-19.073,-15.908,-18.098,-20.796,-19.309,-20.882,-21.54,-20.056
2.2674,2.8272,2.0931,2.2061,-0.34017,-0.1537,2.1975,-1.3672,3.8782,2.5794
75.124,109.09,69.226,87.038,65.729,69.293,85.793,79.953,68.715,60.514
-16.739,-22.448,-17.882,-20.108,-17.373,-20.246,-16.656,-23.639,-13.797,-18.178
-7.0861,-0.26915,-5.8959,1.0353,-3.8076,-2.9499,-3.0308,-1.3959,-7.7954,-3.9883
65.372,46.209,91.794,44.178,65.999,59.224,49.604,56.338,53.82,49.686
9.41,8.2087,10.151,12.443,10.845,10.931,11.275,9.7159,9.379,10.673
-10.432,-14.116,-11.468,-11.724,-12.462,-11.676,-13.924,-13.068,-12.215,-9.7669
-13.585,-11.975,-12.039,-13.991,-11.687,-10.238,-12.13,-11.906,-12.807,-12.287
-19.284,-20.789,-20.323,-17.863,-21.695,-15.702,-16.651,-19.161,-16.763,-20.715
-19.966,-22.823,-25.275,-23.796,-28.261,-13.427,-18.844,-21.046,-27.786,-31.492
41.681,43.374,50.134,51.174,50.581,44.457,49.078,52.894,52.011,49.545
-21.113,-17.352,-25.967,-23.648,-23.39,-19.125,-17.305,-27.126,-20.624,-21.404
-17.341,-23.266,-18.916,-16.991,-22.896,-19.92,-23.722,-16.367,-22.085,-20.681
-7.3398,-6.4588,-10.217,-6.8272,-11.4,-14.083,-10.402,-15.357,-10.878,-9.1668
19.01,13.473,15.6,14.697,12.681,14.329,7.4948,10.323,8.1991,14.323
4.558,4.079,0.13979,2.2955,2.4353,-0.16129,5.3125,5.087,-3.8195,4.8487
38.147,40.625,36.719,35.273,39.191,41.035,37.434,43.787,38.283,40.86
6.1607,1.1489,-3.4945,5.8409,4.438,3.7063,2.2028,4.6306,3.3939,3.5701
-2.8964,-7.3245,-12.109,-10.92,-10.432,1.5333,-9.134,-9.3269,-7.6479,-12.51
-5.9072,-4.3792,-6.2246,-2.8718,-6.4918,-5.9557,-7.0289,-5.6185,-5.3007,3.7994
-12.734,-11.98,-11.17,-11.675,-12.026,-12.091,-11.264,-12.788,-11.161,-11.511
-17.777,-15.582,-23.533,-23.556,-23.135,-26.262,-31.763,-30.922,-28.196,-18.68
25.992,25.01,23.569,11.303,40.413,33.511,34.292,28.565,33.916,20.141
23.162,30.271,25.491,31.159,33.123,29.188,28.717,29.787,28.121,35.599
29.756,27.266,34.336,23.231,26.204,35.701,31.403,29.48,28.639,25.87
-18.464,-21.636,-21.461,-24.059,-14.852,-26.047,-27.104,-20.221,-22.735,-18.204
32.863,28.936,31.083,30.844,29.674,30.225,25.814,23.253,26.302,23.368
45.316,53.966,43.573,52.904,41.94,51.096,49.71,54.026,54.185,41.752
37.35,19.964,16.509,32.795,24.833,33.776,30.15,40.671,37,36.693
-11.701,-9.4126,-10.133,-11.929,-10.905,-11.419,-9.5989,-11.106,-8.665,-10.587
-22.743,-19.741,-20.24,-20.388,-22.332,-20.121,-19.829,-19.439,-21.65,-20.474
-6.9811,-11.551,-6.9562,-7.0509,-7.9569,-11.495,-16.644,-13.164,-4.7373,-8.6314
-20.489,-23.01,-20.109,-21.247,-15.349,-22.284,-24.35,-23.217,-22.056,-19.844
-22.257,-15.559,-26.649,-24.813,-23.083,-20.693,-16.554,-18.782,-19.156,-26.535
5.2151,1.3041,1.332,-0.1902,-0.53079,1.1976,-0.44818,2.3442,1.5863,-1.0647
3.9799,-0.25733,-1.6545,1.6376,1.4959,-0.20123,-2.0273,3.0418,0.68174,-1.0461
104.17,92.426,98.559,99.977,86.349,95.83,102.37,100.18,91.8,97.141
-2.3195,-3.3686,-9.7715,-3.154,-9.5489,0.5663,-4.5427,-2.3388,-3.5417,-5.4731
-9.9554,-12.114,-10.06,-9.8423,-12.421,-10.519,-10.907,-10.021,-12.508,-11.65
20.357,30.868,26.48,18.218,22.114,13.897,40.348,26.409,57.33,15.742
-10.742,-12.307,-11.161,-10.072,-12.361,-12.406,-13.73,-9.028,-10.504,-10.349
48.484,42.905,48.019,57.923,43.255,48.704,47.069,60.967,42.182,39.392
-9.1222,-9.448,-11.072,-13.994,-10.676,-4.7345,-5.2051,-8.7619,-7.6469,-4.3897
65.603,68.809,94.502,66.759,88.725,85.391,83.441,85.786,76.175,102.27
34.831,40.428,39.252,35.701,41.768,30.839,45.943,40.333,36.542,34.877
-18.593,-20.223,-20.789,-30.703,-17.058,-15.854,-21.949,-22.688,-19.646,-13.081
-10.96,-7.9317,-14.651,-8.2037,-11.184,-12.144,-6.6204,-8.9747,-10.135,-11.1
-7.709,-6.8677,3.5654,-5.4527,-5.6713,-9.2102,-4.5067,-8.0828,-7.2373,-3.5269
26.435,29.813,40.917,38.02,39.272,31.459,32.611,28.295,21.221,43.554
89.683,95.699,101.35,87.88,88.554,100.97,106.07,99.216,93.574,102.33
-26.293,-22.492,-24.279,-25.266,-24.135,-26.338,-25.689,-15.553,-21.251,-15.731
4.9312,1.2742,4.5182,2.4429,0.65561,2.6994,-0.010263,2.8595,-0.10655,-2.1176
1.691,2.976,1.0849,3.4246,-0.92225,3.4055,1.08,1.6707,-0.39501,0.68434
4.0693,0.23908,-3.7232,-0.42498,0.93401,2.4512,-1.0641,3.1647,-0.754,-0.69517
57.806,49.13,46.496,49.911,54.648,50.616,49.309,42.02,52.026,43.406
34.441,28.787,36.299,27.291,36.505,24.091,35.47,24.136,33.452,31.967
29.771,34.114,31.443,35.142,26.379,38.696,26.23,31.033,33.418,24.724
36.987,34.384,34.938,41.479,39.373,34.148,32.011,36.861,30.658,32.864
79.29,78.011,72.682,78.53,82.711,65.487,64.311,76.295,68.22,92.041
24.572,34.841,28.434,24.215,26.724,35.508,30.67,31.753,33.153,27.704
44.267,50.851,49.353,54.68,43.47,58.143,42.116,50.999,43.613,50.958
12.463,12.623,11.161,11.74,7.0109,11.403,8.7849,13.013,14.469,12.831
-10.511,-13.474,-14.389,-10.984,-11.849,-11.513,-9.4734,-10.907,-13.192,-11.544
0.041918,2.6299,1.5386,1.5915,5.304,0.73661,2.2617,-0.56386,-2.5831,3.2347
33.056,37.412,39.425,26.925,27.651,41.406,28.508,28.751,32.864,31.093
1.7252,2.2148,3.783,3.1622,1.6438,4.4916,7.1089,0.88615,3.4122,3.1
-12.207,-12.301,-13.572,-13.198,-12.33,-9.7812,-11.857,-14.675,-10.191,-11.314
28.046,31.603,36.718,32.575,31.031,26.7,31.986,34.584,32.468,35.31
27.285,21.778,34.016,44.46,9.818,28.454,31.623,20.627,27.746,17.445
5.3464,7.8421,3.1174,4.7917,-1.6637,5.7149,4.2202,1.7628,2.7746,2.5173
-9.6247,-10.46,-10.482,-14.029,-8.1708,-9.95,-12.273,-8.7035,-11.899,-14.764
-22.055,-19.755,-17.274,-17.243,-20.541,-19.416,-23.162,-14.402,-22.826,-19.494
-20.783,-21.25,-18.734,-21.381,-19.088,-20.226,-20.355,-21.731,-17.434,-26.222
33.257,21.094,30.781,25.125,18.628,12.821,25.325,25.27,20.958,37.007
1.5068,2.5439,2.2461,-0.16938,1.562,3.5598,1.3249,2.4233,-0.20124,2.3784
-12.325,-12.657,-10.631,-11.348,-9.7982,-10.498,-11.741,-10.137,-10.558,-11.685
95.713,81.835,95.749,90.907,85.997,96.259,93.482,92.693,106.06,89.846
33.934,33.919,36.538,35.421,38.608,34.992,30.717,39.133,31.71,39.996
30.345,31.511,22.421,33.872,25.322,30.206,26.466,35.09,35.232,27.48
28.435,32.068,24.536,33.435,28.155,22.946,23.704,32.404,30.39,25.695
14.55,12.904,11.156,10.045,6.7141,12.127,12.746,11.763,18.696,16.808
60.073,93.521,69.656,57.257,69.092,71.145,57.332,73.933,82.002,78.546
45.353,40.232,40.532,40.174,35.338,38.122,37.755,35.67,35.278,31.525
8.925,16.765,17.037,12.165,15.116,10.685,11.534,16.641,9.4682,9.4734
26.77,30.482,24.42,43.162,25.873,29.972,31.46,35.106,30.479,35.888
11.609,13.309,11.103,7.4548,10.65,11.013,14.147,11.457,18.65,11.372
36.317,43.872,49.105,46.05,48.417,52.512,32.54,41.673,49.771,50.855
-6.0194,-8.5964,-6.3774,-7.1038,-8.1681,-7.6636,-4.9087,-1.5082,-6.9363,-4.3264
-20.73,-16.461,-22.113,-22.886,-18.991,-18.884,-20.531,-20.54,-25.594,-24.436
-17.989,-26.207,-12.946,-29.631,-22.921,-30.424,-23.001,-23.296,-18.148,-17.562
55.628,64.134,45.248,46.493,48.728,57.1,39.478,47.142,53.179,54.849
45.982,51.203,54.22,39.946,45.734,52.393,56.008,51.878,48.799,40.662
85.571,63.305,76.347,58.306,93.257,52.998,51.146,71.481,54.917,53.76
57.847,82.481,57.761,73.651,97.574,80.659,87.595,91.694,119.77,94.872
0.14747,4.4419,5.2023,6.8189,3.7243,4.5043,1.6936,0.65397,4.762,3.4217
-11.718,-11.901,-11.557,-10.678,-11.288,-11.749,-10.424,-12.545,-10.092,-11.571
-10.613,-9.7489,-4.9606,-11.523,-13.728,-10.223,-8.7568,-12.344,-15.971,-8.643
-13.319,-11.791,-10.599,-12.102,-10.371,-12.16,-11.575,-9.3352,-13.191,-11.649
13.345,7.8815,15.416,10.827,17.695,7.2471,12.311,15.629,11.482,16.433
53.066,61.64,62.037,65.629,78.873,84.307,79.195,74.969,73.114,86.427
32.534,39.556,26.371,25.651,30.098,19.988,10.672,25.319,28.324,16.806
-11.18,-12.661,-9.9952,-12.582,-11.558,-9.832,-12.416,-12.346,-9.5979,-9.0134
-22.217,-18.641,-18.912,-18.822,-20.056,-21.894,-20.32,-18.056,-17.328,-19.028
-13.761,-15.176,-7.4801,-15.577,-7.2725,-7.5918,-10.866,-11.796,-8.1585,-7.2559
66.038,91.578,76.429,68.85,57.109,68.299,92.827,73.126,94.847,90.34
-5.3457,-12.31,-6.1709,-10.025,-11.396,-13.176,-9.1981,-10.685,-14.085,-6.3413
-20.851,-16.995,-17.515,-18.215,-22.9,-18.19,-18.21,-24.083,-16.896,-19.194
-8.91,-7.7681,-10.305,-9.3356,-8.8282,-9.0997,-11.273,-7.9418,-11.396,-5.3545
46.681,31.4,43.819,41.313,34.46,41.948,41.352,35.872,41.528,39.659
-21.978,-21.635,-20.858,-23.25,-21.475,-22.949,-18.701,-19.416,-20.596,-21.26
9.0978,6.611,13.942,12.891,7.8793,11.611,9.7032,10.405,11.818,9.5196
32.298,30.782,35.716,33.072,34.352,32.398,25.623,37.03,38.566,27.986
60.93,55.44,32.153,57.798,67.857,49.695,47.12,53.524,44.798,45.695
34.602,26.043,37.911,33.218,43.802,24.072,25.877,43.642,43.067,34.402
29.776,31.26,29.858,29.303,27.938,35.816,25.532,39.626,33.001,29.178
24.616,26.957,35.688,33.249,17.547,22.232,26.346,19.289,20.02,24.348
48.146,72.048,52.124,44.478,50.831,41.415,49.893,45.037,48.286,39.914
98.404,94.43,110.54,83.379,102.99,102.22,98.795,93.328,83.687,94.384
68.63,70.457,75.449,64.165,68.758,62.622,54.384,66.177,54.639,70.133
30.919,34.408,35.041,27.305,34.206,29.552,26.352,36.107,32.161,28.576
10.042,2.4421,11.564,11.893,9.1521,15.471,6.0214,14.455,13.4,7.4541
20.558,31.972,44.266,34.961,33.267,15.211,36.638,20.762,35.936,14.996
84.232,99.08,93.236,88.609,97.153,96.009,105.15,99.477,98.94,86.953
52.914,45.478,42.973,42.16,39.694,47.214,42.851,41.811,53.977,51.053
0.72929,3.3393,1.1682,0.98049,2.2173,1.9494,1.4685,-0.092689,3.8921,2.0074
0.081449,0.038849,-1.0337,1.4086,1.0964,0.070015,-2.8547,1.3971,-4.2611,0.0093101
-20.068,-24.14,-27.587,-30.286,-25.506,-19.444,-25.324,-21.823,-25.018,-13.111
-20.989,-21.569,-21.496,-17.784,-21.245,-18.99,-20.377,-17.919,-22.459,-20.232
-23.244,-30.627,-20.629,-25.76,-29.532,-14.14,-22.413,-24.121,-20.644,-20.692
-10.6,-10.929,-11.785,-11.576,-13.927,-9.613,-10.514,-10.437,-11.58,-9.8492
55.965,43.64,60.164,36.217,69.144,78.13,64.129,72.248,59.322,58.424
36.656,38.158,38.102,43.646,42.936,38.547,45.257,40.706,34.327,33.382
-23.676,-23.6,-29.405,-21.098,-14.08,-19.681,-20.92,-22.787,-18.143,-25.983
-27.322,-20.674,-29.051,-23.764,-24.233,-22.748,-21.943,-13.843,-16.865,-26.616
-12.953,-10.165,-10.234,-11.577,-14.423,-11.18,-10.569,-9.2102,-9.0987,-10.534
-27.196,-20.955,-29.859,-16.851,-15.947,-24.001,-25.225,-37.219,-19.226,-17.768
-23.859,-16.689,-18.358,-7.6107,-17.691,-24.49,-12.943,-14.926,-8.1093,-12.37
-26.568,-29.702,-18.825,-23.708,-19.645,-25.582,-21.492,-16.471,-23.546,-21.704
10.267,10.242,12.975,17.499,11.557,9.7287,14.393,11.654,15.766,10.28
9.0063,9.6724,7.2985,10.264,8.235,9.6521,9.6821,9.5064,9.9519,11.058
35.283,31.811,26.746,40.249,39.33,40.537,40.395,40.092,38.477,35.369
9.1525,8.4089,9.0999,9.0156,12.887,10.587,10.321,6.3055,11.902,10.809
35.174,40.694,41.166,35.001,32.131,42.998,34.995,32.489,34.979,32.35
75.801,84.524,70.157,81.397,73.29,72.095,84.12,79.546,86.496,66.557
37.555,41.137,40.966,29.582,40.735,38.214,43.352,38.338,35.455,34.595
-22.337,-22.792,-24.222,-22.039,-22.468,-22.239,-19.328,-22.785,-22.177,-24.709
-13.413,-13.302,-21.391,-24.349,-19.977,-21.482,-22.441,-15.522,-23.151,-24.306
10.173,9.7169,11.387,10.763,13.249,9.7066,13.574,10.378,10.118,9.1619
76.904,73.212,75.65,57.482,56.812,85.685,78.599,76.913,54.817,80.596
-18.859,-19.402,-21.855,-20.157,-20.016,-21.756,-19.61,-18.435,-19.33,-19.062
7.3814,10.766,11.122,9.9919,9.4559,10.565,12.613,13.322,9.8919,13.571
-25.252,-23.169,-14.076,-34.426,-24.624,-20.953,-17.651,-34.109,-20.078,-18.67
8.4426,10.629,8.3705,10.275,11.804,10.302,11.198,9.0256,10.289,11.462
55.932,70.019,58.274,75.324,70.35,63.758,84.12,62.78,78.838,72.733
-20.961,-22.183,-21.972,-17.762,-16.48,-17.255,-23.097,-19.516,-21.722,-17.762
-23.1,-21.653,-21.689,-18.162,-21.201,-16.495,-19.963,-19.785,-22.558,-17.853
47.441,35.192,37.78,35.972,39.835,31.75,35.867,35.33,34.305,33.508
34.589,23.521,16.125,24.633,26.65,12.042,34.816,28.642,29.384,30.024
52.605,44.084,66.834,72.858,88.389,80.077,80.431,71.131,42.405,95.734
85.92,92.61,76.116,68.877,70.845,96.582,84.967,66.758,104.97,74.299
9.9717,10.357,13.382,13.513,15.594,12.867,11.314,7.3873,8.48,8.8509
-14.94,-24.595,-15.498,-16.933,-20.986,-23.342,-23.971,-28.554,-15.96,-25.362
36.646,31.261,41.326,35.316,33.706,33.282,33.68,38.225,32.054,41.015
16.335,6.2293,7.2754,11.786,10.396,12.304,11.907,11.199,20.932,12.612
-3.7791,-0.38383,-0.3305,-6.703,-3.0702,-3.233,-2.614,-2.7133,-6.1013,-6.1255
42.169,69.273,85.827,82.076,81.943,43.984,67.606,88.47,75.033,76.444
48.809,50.775,59.032,49.087,48.612,56.524,45.49,56.064,43.549,51.924
0.67541,1.542,3.0709,-0.62683,2.5586,2.7655,-1.6072,1.3556,-0.4757,0.21383
-7.5624,-12.5,-10.561,-14.695,-10.871,-10.409,-12.032,-14.642,-11.136,-12.609
-0.77688,-4.3832,-0.56106,-3.4192,-4.3246,-3.9989,-0.15127,-4.5372,-3.5556,-0.12133
65.69,70.061,87.249,83.079,81.737,67.03,65.921,75.703,72.061,78.589
83.664,88,101.89,93.871,96.25,101.72,78.757,92.44,85.887,100.4
77.442,58.092,65.299,61.174,59.496,105.26,58.867,66.623,59.512,63.494
11.169,9.432,7.4827,13.285,11.095,10.906,15.235,15.621,13.004,14.517
99.354,76.687,86.675,93.666,69.528,72.112,92.49,93.797,85.132,94.253
44.844,41.222,42.801,55.622,44.972,65.167,49.33,46.159,45.694,34.966
13.163,16.375,11.285,11.22,11.807,12.057,10.875,8.9925,12.836,12.274
-15.052,-12.072,-5.5,-7.627,-10.328,-8.9385,-8.9589,-8.1798,-8.8685,-13.462
92.117,44.425,78.559,62.6,72.795,61.833,62.51,88.955,77.419,82.949
11.147,10.653,9.9612,8.0855,10.3,8.9417,10.306,8.0888,9.0962,11.489
38.691,88.211,60.859,84.76,79.397,56.293,65.722,82.992,53.268,75.243
36.332,32.116,43.27,34.106,28.664,39.597,33.732,28.493,44.674,33.829
23.748,25.809,23.186,15.911,39.661,29.831,15.602,18.001,37.017,24.526
66.254,72.795,33.541,72.036,81.517,68.933,59.482,82.96,61.664,56.304
90.619,97.23,90.829,95.794,84.203,91.104,85.195,98.265,102.64,90.167
45.095,43.378,46.283,53.648,50.774,35.165,59.51,44.227,47.089,48.574
-13.475,-13.667,-16.846,-22.573,-11.668,-30.418,-24.041,-23.556,-29.579,-22.491
81.203,103.27,64.026,70.393,101.61,94.135,95.636,84.483,104.75,91.361
-34.472,-28.176,-27.884,-18.239,-24.432,-17.714,-31.597,-19.843,-31.048,-20.198
35.064,38.311,35.391,38.466,36.749,44.074,35.067,35.067,36.243,30.294
20.24,23.463,32.861,23.756,31.361,28.098,26.352,31.646,18.95,27.357
35.137,39.662,40.041,38.576,29.073,37.965,36.236,27.677,37.828,38.005
14.61,11.332,9.3396,10.395,17.862,10.568,12.389,10.662,9.3702,7.85
59.682,60.769,71.7,51.659,68.368,55.947,48.013,63.989,54.864,72.808
14.386,9.6379,10.305,13.425,13.828,11.126,8.8191,8.6546,10.485,5.4513
36.565,26.716,23.88,22.993,28.499,21.585,11.579,30.668,29.852,36.85
44.003,38.794,32.768,35.935,36.961,37.541,33.183,34.323,34.501,40.722
4.613,3.262,0.38762,2.4974,2.7148,4.9859,6.3059,2.0137,0.2326,1.5352
-12.419,-13.063,-9.7653,-8.6531,-6.1985,-8.8141,-13.188,-10.344,-14.302,-7.0324
15.074,9.7935,9.3237,11.408,11.024,10.394,14.064,12.282,14.687,11.038
89.144,68.596,81.524,103.08,65.763,68.757,58.895,100.83,86.865,80.752
35.797,33.307,31.532,38.085,37.716,27.542,32.584,38.756,34.057,37.455
0.689,0.87455,1.8587,-1.7517,-1.0744,-0.11939,3.1353,1.9687,-0.68008,-0.73255
88.783,81.693,94.134,85.497,83.226,70.385,85.434,92.867,94.64,64.526
50.447,46.207,54.399,34.986,50.199,36.002,54.136,37.254,40.093,60.877
-19.044,-30.263,-22.015,-19.226,-17.304,-24.378,-22.64,-20.992,-28.58,-22.941
51.492,76.538,69.609,67.762,55.162,47.166,70.729,59.575,65.507,58.392
34.192,29.721,35.427,37.369,29.626,37.981,32.513,34.488,35.441,29.728
46.89,77.689,51.361,55.814,64.624,50.677,54.717,32.142,69.344,58.671
44.034,57.105,44.832,41.568,50.367,40.391,47.357,52.904,58.417,49.589
17.994,10.871,12.238,19.638,15.95,10.898,14.841,11.002,8.2767,5.2587
-19.334,-12.188,-24.351,-19.78,-17.614,-24.298,-30.129,-28.519,-25.857,-18.035
35.23,17.249,41.733,39.193,33.705,21.163,42.915,37.573,35.627,34.82
-23.334,-22.451,-22.487,-23.046,-16.352,-19.663,-21.624,-23.373,-22.342,-27.334
-17.685,-15.789,-13.583,-16.367,-16.621,-22.336,-23.044,-20.194,-18.218,-14.814
12.071,10.9,20.428,10.221,5.8356,17.671,14.754,9.7038,11.506,11.176
10.378,13.221,7.224,16.642,11.301,8.9735,13.345,9.6421,13.621,11.47
-11.111,-24.165,-22.412,-27.77,-21.407,-10.781,-21.791,-25.136,-20.869,-26.128
-11.45,-13.994,-11.364,-10.047,-10.881,-10.59,-13.384,-11.318,-8.7855,-13.915
1.5813,0.54869,-0.13829,2.2043,4.0967,-4.0116,-0.20987,-0.73837,2.5119,-1.819
-23.72,-22.112,-23.693,-30.886,-19.606,-14.767,-21.556,-24.16,-20.465,-20.614
10.909,15.126,20.323,13.722,12.406,18.307,10.265,14.82,13.034,13.465
0.32419,1.2021,2.6013,2.271,1.0612,0.091962,1.5052,1.6571,1.0595,-0.20825
15.819,8.5495,7.7289,5.0706,11.706,18.361,9.533,13.541,12.479,14.648
18.13,21.674,4.6834,12.388,14.175,15.85,10.389,5.733,11.873,12.496
39.829,38.867,34.916,37.603,35.453,38.037,40.234,32.155,33.547,33.299
94.967,92.582,93.892,86.181,109.32,96.539,85.94,100.92,98.606,96.933
-7.7074,-7.7839,-15.287,-13.977,-7.3825,-7.7984,-9.6854,-10.711,-10.644,-7.5445
59.511,44.264,39.291,54.563,41.805,53.778,54.58,37.76,43.163,58.096
-11.59,-9.0175,-11.937,-13.296,-10.677,-10.819,-11.735,-11.772,-13.016,-11.921
-15.615,-19.986,-20.469,-16.257,-16.345,-17.336,-15.884,-18.72,-15.28,-11.657
32.431,38.765,27.727,34.247,37.017,34.451,37.519,41.504,38.641,40.577
96.931,81.486,94.47,98.829,103.87,99.864,92.924,93.505,104.72,106.35
-10.602,-10.762,-11.341,-13.466,-10.68,-10.197,-13.263,-10.592,-10.032,-11.037
9.3923,8.6173,8.2795,9.1855,10.972,9.7942,8.4875,9.5318,9.7712,11.907
11.453,11.03,10.147,6.6925,10.358,10.768,10.358,9.0491,8.1733,11.165
27.372,34.442,30.752,39.878,34.726,45.467,30.599,39.89,33.111,38.002
3.5199,0.37319,1.5682,-3.3415,2.9731,5.5082,-0.041161,2.443,1.1679,2.4185
63.523,76.297,95.133,51.739,90.103,87.257,102.24,58.875,70.472,63.559
47.564,48.223,27.314,51.519,49.45,47.292,44.334,38.094,56.949,54.096
-25.917,-20.751,-25.359,-21.105,-23.142,-25.993,-22.013,-24.296,-22.663,-19.462
29.101,36.394,33.374,31.546,28.187,10.185,33.575,30.442,29.535,36.721
68.344,68.064,61.379,84.392,80.012,70.275,72.537,79.241,77.06,61.713
-20.834,-22.297,-19.451,-20.991,-20.977,-23.927,-22.723,-18.57,-20.29,-22.251
-12.343,-2.6555,-6.5024,-3.454,-3.768,-5.8547,-1.1701,-3.6119,-2.8833,-1.6496
-17.63,-19.476,-19.352,-21.781,-18.327,-19.423,-20.565,-21.726,-19.357,-23.726
-29.735,-22.022,-21.507,-20.711,-13.829,-27.482,-17.816,-25.632,-27.111,-21.448
10.59,5.9155,15.725,12.284,9.3837,5.2886,12.907,11.243,17.671,13.887
-16.622,-21.674,-23.861,-23.568,-18.161,-13.327,-32.505,-24.442,-14.576,-19.773
70.067,65.431,74.603,57.351,64.699,74.624,63.539,55.715,56.55,87.552
13.179,11.109,13.545,13.049,8.7899,10.916,13.307,9.1205,20.177,11.916
10.556,15.482,15.652,12.652,13.909,12.749,7.9038,16.055,8.8806,15.189
25.564,25.291,32.037,36.19,24.302,19.642,29.682,32.957,33.249,33.814
-23.32,-15.144,-26.359,-20.345,-23.098,-21.443,-28.767,-21.66,-26.21,-23.963
11.26,9.8783,6.7897,8.348,10.648,9.6203,10.544,10.449,8.4925,10.229
-35.928,-24.867,-22.286,-33.308,-20.55,-15.092,-29.844,-29.128,-33.358,-24.507
29.615,23.262,29.493,34.003,23.465,27.978,33.488,32.031,30.001,34.062
-3.9308,-13.016,-6.9948,-12.485,-9.0831,-9.0703,-11.954,-12.366,-14.12,-8.4483
75.972,49.681,33.247,52.209,74.446,43.611,65.286,51.149,59.661,71.888
-15.576,-11.017,-9.1438,-12.096,-11.599,-9.4375,-7.2178,-7.2005,-9.8851,-14.108
9.5149,14.864,13.153,14.131,11.912,15.879,5.025,8.0875,7.9385,21.569
51.447,30.324,48.298,42.537,48.909,40.823,62.587,57.333,36.243,54.346
58.561,77.277,63.735,83.57,75.428,40.222,56.987,74.573,65.15,90.57
36.402,37.886,42.892,36.435,36.633,26.606,36.432,39.673,35.861,41.285
43.043,32.316,48.488,60.714,45.096,46.205,49.255,52.959,43.855,52.716
-11.851,-10.232,-8.586,-9.2776,-13.454,-15.373,-16.127,-13.735,-14.617,-10.514
90.781,110.23,112.96,61.081,93.454,52.67,87.765,83.056,98.761,88.523
98.016,96.252,92.155,96.92,94.094,96.136,105.08,102.28,103.87,99.363
60.928,69.614,81.622,35.2,37.544,46.72,49.227,56.885,61.703,61.037
-10.169,-10.094,-13.347,-10.633,-13.153,-9.4873,-10.77,-12.796,-10.706,-9.0433
-7.3488,-7.4982,-8.5273,-9.6258,-8.3419,-11.368,-8.387,-11.002,-8.6078,-12.043
-11.037,-12.615,-12.081,-9.137,-13.945,-11.967,-10.055,-8.4965,-14.544,-12.5
-1.0428,-2.8522,-0.55231,1.2076,1.9231,-0.28865,-0.61976,-3.0599,1.9149,-1.638
35.275,42.032,31.234,40.057,31.565,30.713,32.958,33.155,35.262,38.712
45.797,51.812,48.499,55.547,43.463,39.037,38.794,49.171,51.517,42.117
46.593,48.96,40.082,61.087,57.675,50.253,42.298,45.562,45.342,44.737
-23.577,-18.787,-21.628,-18.546,-14.608,-25.243,-28.095,-22.132,-24.031,-14.557
-16.229,-26.375,-18.732,-22.251,-23.745,-22.215,-24.973,-19.774,-26.415,-24.727
-9.2917,-16.227,-17.704,-14.919,-24.999,-15.995,-12.591,-17.25,-16.363,-9.6719
-27.69,-16.32,-14.472,-24.43,-10.293,-25.22,-31.081,-20.487,-16.723,-12.011
40.626,38.103,40.054,39.084,38.584,34.454,36.284,33.076,41.823,38.402
90.95,90.181,96.094,99.509,105.17,94.446,96.863,97.81,95.34,91.427
-0.16404,5.5152,1.2817,0.55935,-0.33997,1.1843,5.5439,1.8742,0.37415,0.10622
35.766,33.675,26.493,37.588,41.038,45.508,45.708,32.413,37.073,36.908
-3.9003,-4.5063,-3.3157,-7.4049,-4.6795,-5.8833,-0.82279,-3.5672,-6.5178,-2.2601
30.677,35.609,34.073,36.664,27.914,29.866,37.691,44.029,33.69,35.217
12.584,9.9227,9.5117,12.975,10.476,13.213,10.546,16.112,17.3,12.22
-12.301,-13.305,-10.497,-13.239,-9.169,-11.432,-10.924,-10.48,-10.301,-11.263
26.863,27.071,35.95,38.021,27.768,27.806,35.07,29.753,30.155,22.62
27.966,25.495,30.885,31.326,22.073,29.765,38.712,34.469,28.809,31.386
93.636,91.208,100.4,99.065,95.062,88.567,92.671,93.504,98.099,96.289
37.652,35.878,35.418,37.103,34.302,30.852,41.832,29.525,32.792,34.694
-17.64,-21.697,-23.313,-17.376,-21.896,-21.245,-16.859,-12.12,-31.85,-20.535
1.8637,0.17959,-1.4329,0.79927,0.021985,3.7518,0.99362,1.9698,2.5658,0.71445
-17.736,-34.259,-16.998,-22.511,-29.585,-23.118,-24.718,-19.321,-25.862,-23.68
60.459,68.089,58.534,79.612,92.091,71.827,80.042,72.389,103.03,88.931
11.179,11.856,12.529,16.186,12.556,11.184,17.654,11.385,14.629,8.7205
67.756,48.794,70.11,74.438,87.726,73.352,60.446,82.029,39.907,71.075
51.734,56.205,75.451,35.024,59.702,56.108,64.519,64.797,60.551,68.75
16.073,12.884,16.488,13.573,12.366,11.645,13.184,16.626,9.2877,9.721
11.173,9.5392,9.0802,13.205,12.131,13.637,12.695,14.254,16.317,10.498
-19.731,-25.379,-20.477,-21.043,-17.729,-17.299,-16.779,-22.474,-19.539,-22.587
-21.809,-21.014,-20.754,-19.771,-26.456,-20.954,-21.761,-18.657,-22.269,-17.16
99.476,103.07,98.629,79.768,88.863,86.716,93.99,94.494,98.243,90.492
0.77032,0.48542,0.36563,1.5779,1.3976,3.2033,-0.82186,-2.1287,-1.4383,1.2437
4.1961,3.6148,1.9443,2.3572,1.1099,3.8773,-0.84611,2.7131,4.4183,4.4606
87.023,80.316,62.658,68.85,60.548,93.578,68.852,54.229,88.03,66.873
41.165,35.635,38.54,37.191,34.086,25.899,34.737,34.157,37.78,36.583
-7.9415,-3.8533,-2.9841,-2.9547,-3.707,-9.5124,-4.3171,-5.9689,-9.6287,-0.63072
38.34,23.973,32.79,39.451,36.882,29.224,36.933,34.374,34.615,42.137
37.38,37.456,37.815,41.604,42.139,36.691,36.899,41.641,37.892,38.093
45.429,43.634,41.497,48.799,50.909,54.446,48.196,47.439,41.332,64.556
30.894,33.173,33.802,16.345,12.703,13.55,22.932,31.189,28.163,39.531
-19.964,-16.583,-18.391,-17.795,-14.943,-21.162,-33.106,-20.264,-21.127,-24.136
38.177,41.232,30.465,39.058,38.555,33.07,33.373,34.643,34.252,45.431
9.0379,10.097,9.0824,8.8347,8.7662,11.958,9.9271,9.3202,9.9303,7.3678
-11.778,-10.549,-17.455,-15.58,-9.9294,-10.341,-12.385,-4.9409,-8.524,-9.243
43.013,29.205,36.774,36.734,39.71,41.384,33.953,36.316,29.025,37.756
2.9624,-0.0695,6.2049,4.0043,1.6498,1.451,1.096,5.0509,3.6592,3.7209
-18.079,-24.305,-16.26,-18.773,-18.743,-11.889,-23.435,-20.397,-16.225,-20.611
97.125,92.742,88.644,71.726,118.61,95.638,68.586,84.339,76.625,49.95
29.097,32.709,26.965,35.287,27.778,31.3,34.19,28.793,33.815,30.841
-20.486,-21.67,-18.445,-19.978,-18.392,-21.488,-21.968,-21.338,-20.132,-18.664
67.304,76.636,73.987,66.241,63.606,56.833,73.695,67.728,66.786,76.521
-25.143,-17.666,-18.162,-20.474,-22.699,-20.969,-15.833,-24.382,-18.329,-18.034
13.915,13.433,11.124,14.1,12.625,6.3011,10.256,15.09,10.784,16.193
24.357,33.649,20.862,26.1,23.368,32.68,34.265,33.413,26.183,25.289
40.722,29.387,37.958,42.006,41.169,34.402,32.56,40.023,29.503,42.045
11.665,12.461,8.7899,11.423,9.7297,9.5975,8.7932,9.8899,9.4958,11.375
-2.1616,-2.7666,-6.6078,1.496,-4.2644,0.025271,-4.3188,-5.7272,-3.7192,-9.4573
26.358,3.5406,48.263,27.103,28.093,24.396,14.365,32.507,26.852,15.992
38.79,26.764,32.56,35.86,32.768,33.004,32.737,34.035,31.279,30.489
25.885,32.785,5.4725,38.136,31.277,31.754,29.041,26.541,39.344,28.78
69.945,58.857,40.05,60.453,55.997,60.717,50.818,70.573,72.696,68.615
43.665,31.613,37.49,36.642,39.301,30.591,21.784,40.643,43.058,26.202
62.283,69.353,51.457,54.575,56.946,60.984,56.524,47.479,71.113,70.899
-19,-21.387,-20.607,-20.465,-21.622,-18.291,-22.157,-19.805,-19.925,-21.091
-9.1105,-10.187,-9.5662,-6.2802,-12.284,-12.096,-11.294,-9.6172,-12.8,-10.007
-24.178,-27.237,-16.093,-11.602,-21.098,-34.52,-27.163,-23.824,-18.52,-18.884
56.005,55.292,55.254,66.999,67.936,58.78,72.428,54.487,53.039,52.649
58.139,71.11,54.963,54.588,55.089,61.95,63.184,52.403,57.209,69.325
35.737,35.402,30.675,32.885,32.609,35.243,26.764,32.29,30.39,18.554
95.336,96.534,107.39,97.538,122.25,98.594,96.956,85.538,104.6,93.926
14.103,14.17,14.405,14.339,6.1391,10.937,11.043,4.4279,16.059,12.571
34.23,49.091,47.993,56.434,57.455,45.899,49.291,46.765,49.967,54.689
-20.079,-17.384,-18.459,-18.086,-21.354,-18.671,-21.461,-20.841,-15.51,-20.956
52.861,71.976,65.281,46.381,46.9,57.945,57.036,64.378,61.206,73.648
-17.063,-24.377,-22.758,-24.315,-21.37,-20.643,-20.72,-20.841,-21.088,-23.25
12.571,11.992,9.6494,9.4433,7.7142,7.8563,13.002,9.6458,12.211,12.052
-12.858,-9.9442,-12.117,-11.964,-13.223,-13.108,-10.547,-10.76,-10.869,-14.123
9.9189,10.585,7.6215,16.336,15.076,12.45,7.1908,15.386,15.291,8.1357
-12.189,-9.0552,-11.573,-9.7374,-12.567,-12.574,-11.909,-8.7176,-10.766,-11.851
52.229,65.849,68.255,82.96,83.351,74.336,96.725,82.801,67.675,83.434
2.8363,2.7008,-0.68408,0.38165,0.28123,4.5126,1.994,-0.037577,-2.227,1.7224
-29.537,-24.563,-25.382,-22.675,-25.516,-29.133,-25.4,-15.359,-27.043,-20.546
82.754,75.235,61.736,69.634,66.924,66.919,79.201,76.079,61.475,43.857
8.1948,7.277,14.115,13.496,13.896,10.198,8.3896,8.9308,7.7868,12.58
8.3005,11.932,9.1558,12.493,9.4417,10.795,9.9666,11.294,8.9526,7.8736
11.946,12.569,4.8979,10.125,13.269,15.426,12.542,13.094,8.8544,13.778
44.427,24.902,27.205,30.578,15.501,36.057,38.264,29.978,29.898,24.682
3.8917,0.0047967,1.3799,-1.1941,1.0227,-0.84884,3.1869,-1.3769,-2.0031,0.28911
11.196,9.9609,8.6232,10.064,11.925,8.1912,8.1869,9.0058,12.164,11.349
32.296,31.077,33.64,35.844,34.994,46.579,44.35,39.291,35.079,33.733
7.5943,13.135,7.9872,15.453,18.728,11.918,17.509,11.502,16.595,8.7619
1.4915,-0.7256,-2.7457,1.9414,2.0697,4.626,-0.66111,3.7041,4.2009,-0.42176
-10.797,-10.209,-12.297,-9.4188,-8.7002,-13.237,-11.991,-14.842,-11.248,-11.192
48.06,44.03,39.216,33.688,36.543,31.124,33.899,39.791,34.655,37.414
37.671,28.755,40.782,22.528,30.267,34.105,37.702,28.205,31.182,37.299
-12.253,-9.9135,-11.809,-11.527,-7.4607,-11.6,-14.573,-9.7285,-9.7598,-13.331
37.101,41.428,33.09,38.387,42.935,33.482,38.652,41.519,37.293,33.183
-19.639,-13.123,-11.517,-13.839,-16.496,-16.096,-11.533,-15.579,-13.673,-14.28
66.479,99.945,67.582,72.495,75.946,54.845,60.989,62.369,67.545,83.558
-10.68,-14.441,-21.172,-18.445,-27.429,-24.476,-24.199,-22.653,-13.259,-22.831
-21.3,-16.664,-14.006,-14.135,-16.093,-18.407,-20.695,-22.906,-15.287,-16.62
54.06,48.18,48.514,51.876,53.432,50.59,48.915,54.922,60.781,55.939
12.141,14.226,11.888,11.381,13.303,10.142,11.107,13.546,10.873,15.256
-3.6771,-7.2804,-9.3809,-1.1834,-4.5618,-6.2522,0.043066,-3.0813,-8.671,-3.5493
11.515,8.0704,12.57,8.8487,13.383,12.792,16.578,11.183,8.8843,11.225
14.78,11.289,11.013,17.178,13.76,7.813,8.0603,12.945,13.168,11.387
35.076,27.157,31.142,35.214,30.634,33.612,28.859,24.917,27.236,31.899
41.631,47.516,49.626,45.483,45.583,50.5,48.408,52.669,49.875,46.564
-21.918,-22.61,-23.042,-22.214,-23.73,-21.832,-20.641,-19.778,-24.474,-20.066
7.3501,9.6779,11.457,10.748,6.8366,11.026,9.9902,9.1927,9.7996,10.125
4.5816,0.036533,3.5915,-1.5055,0.16177,-1.5217,2.0643,-1.998,2.4264,-0.27177
-7.7672,-13.134,-11.747,-7.3134,-9.3211,-8.0576,-7.9936,-13.275,-9.9782,-5.4869
16.11,11.37,11.374,8.2511,9.7987,15.669,8.308,12.731,16.035,17.432
10.24,11.622,10.288,9.5499,9.3031,12.317,9.7867,9.9728,9.2074,11.361
38.73,35.599,36.155,32.158,42.306,36.44,38.407,37.592,44.628,38.105
51.012,66.601,73.603,71.093,51.712,39.902,65.206,43.846,32.756,66.523
49.406,44.314,46.967,46.605,63.338,55.923,49.166,39.345,52.157,40.45
9.5617,10.871,14.797,8.2433,15.368,13.755,15.916,16.594,12.902,10.727
12.965,13.108,12.168,15.385,16.222,14.264,16.877,14.21,15.705,12.161
-20.116,-19.904,-17.89,-17.73,-22.682,-20.252,-21.632,-21.137,-20.421,-21.37
-3.7273,-2.6774,-4.5382,-4.0858,-6.0356,-2.9857,-2.1873,-3.8024,-4.1026,-7.0193
79.903,61.347,77.768,52.912,90.045,65.027,100.96,86.716,74.381,78.992
97.113,91.195,90.467,98.86,83.641,91.733,98.126,103.29,88.661,98.408
85.117,88.768,76.433,89.907,86.55,83.469,85.392,88.263,73.501,73.269
-20.555,-21.882,-18.619,-11.923,-14.913,-17.341,-19.608,-8.6039,-21.492,-22.568
-0.68827,1.7697,0.080662,3.1538,-2.9235,1.2616,-1.616,0.18949,1.544,1.7325
1.045,5.6399,3.0336,4.5041,6.169,-4.3431,-0.29109,4.174,2.0313,1.127
22.771,34.106,29.972,27.529,40.834,27.655,27.799,28.679,24.22,25.944
31.398,52.257,41.591,43.225,57.316,37.5,43.041,56.697,47.782,69.475
95.382,87.917,94.507,101.47,97.342,98.082,92.517,97,98.755,96.978
58.353,41.999,49.19,60.927,47.471,55.359,28.674,47.795,54.094,45.217
-9.3762,-7.0053,-16.133,-6.2189,-9.1268,-11.277,-8.7016,-8.4935,-8.7258,-10.081
83.517,95.147,97.66,92.665,93.932,91.835,99.935,94.084,92.944,93.217
15.84,15.432,10.664,11.996,10.552,14.341,11.529,13.39,13.482,7.5157
38.17,38.622,41.753,33.16,29.429,37.558,41.376,36.708,43.788,35.647
34.759,31.425,39.928,29.389,39.167,32.119,34.325,40.082,30.654,34.638
-0.077348,1.5802,2.7267,1.4705,2.6645,1.5361,1.9018,2.5864,3.6536,1.8287
-27.114,-24.202,-24.017,-23.602,-26.341,-24.73,-22.763,-31.665,-23.801,-29.892
97.818,83.727,101.41,63.057,71.41,86.018,108.85,113.85,57.969,76.429
41.066,48.43,46.609,44.771,44.068,40.263,46.243,44.558,56.432,37.895
-18.526,-21.173,-18.282,-22.401,-21.814,-17.759,-14.6,-23.061,-20.602,-22.87
41.148,45.843,39.519,58.634,67.355,63.896,64.969,41.437,56.011,61.016
56.312,46.134,53.999,50.646,47.488,49.577,47.534,57.746,53.121,38.211
10.094,10.601,7.0009,12.39,10.257,9.9371,8.8416,9.2851,7.8767,9.0932
-19.775,-20.554,-18.757,-18.152,-21.09,-18.901,-21.132,-21.538,-21.589,-20.042
13.41,13.311,10.661,13.987,10.977,10.615,6.7655,15.309,11.596,14.113
-19.535,-21.619,-20.092,-20.713,-18.019,-21.139,-22.124,-19.15,-20.248,-23.398
58.664,49.812,50.585,55.468,64.023,45.519,60.951,52.637,50.555,56.99
36.803,22.44,19.297,38.355,25.455,31.957,33.12,32.158,27.558,30.881
11.405,9.8155,10.749,12.999,9.1369,11.099,12.484,8.9375,15.528,11.164
-30.787,-20.871,-25.705,-15.681,-26.803,-19.834,-20.237,-23.514,-20.457,-30.631
-9.6468,-14.3,-13.666,-9.8334,-13.18,-10.935,-15.767,-9.9468,-10.558,-6.4443
37.668,29.969,40.459,39.507,30.458,34.23,39.119,39.223,35.005,40.829
32.571,32.824,31.91,40.284,36.161,36.603,36.186,33.524,35.444,34.943
103.33,99.235,101.85,86.784,101.09,107.36,97.049,83.163,94.351,100.86
-20.056,-18.368,-12.691,-20.055,-14.552,-18.27,-18.852,-21.765,-15.446,-20.7
8.9398,11.861,9.8208,11.403,9.1147,8.056,10.271,7.7589,9.2834,10.327
85.251,61.872,59.252,70.32,80.097,85.579,47.282,60.055,45.92,79.736
106.53,95.521,101.19,97.063,86.628,94.76,85.733,88.277,99.494,95.025
3.5795,-0.50639,3.2772,-2.2284,-0.39741,2.0957,4.4357,-2.1522,1.888,0.16015
87.274,55.793,65.341,60.771,48.713,44.519,43.364,63.161,74.857,65.418
36.634,66.655,39.436,42.927,40.93,69.82,57.868,48.073,40.241,50.58
-13.308,-9.9468,-11.046,-12.632,-10.452,-10.167,-11.856,-11.087,-11.402,-10.88
11.428,9.0207,11.78,10.496,10.822,7.424,7.3889,10.706,11.829,9.4093
6.68,8.2258,8.9214,8.3623,9.9058,7.3666,7.0641,8.5081,9.0745,9.3833
13.072,18.684,20.629,35.937,26.914,39.437,28.161,19.634,24.095,30.022
26.298,33.633,33.767,34.729,30.935,47.558,26.089,29.359,43.531,35.668
30.188,32.927,38.875,34.188,38.805,34.77,34.981,36.13,38.66,30.245
-10.8,-13.472,-13.008,-11.649,-10.641,-10.241,-11.008,-12.423,-12.296,-13.786
41.776,53.345,52.091,36.417,47.256,49.499,47.218,41.488,58.498,47.638
-14.919,-15.688,-16.153,-17.969,-13.627,-11.677,-16.684,-17.905,-18.089,-22.412
6.9565,8.7794,13.738,7.6477,8.7296,9.6254,14.216,13.393,15,11.892
-11.09,-13.568,-10.25,-12.489,-11.314,-12.115,-11.575,-11.591,-14.337,-11.732
-13.319,-10.902,-9.6739,-9.6191,-11.564,-5.4294,-8.624,-12.427,-14.102,-9.4884
9.8797,9.9307,8.5379,9.096,11.031,10.118,9.2719,9.6793,9.7749,7.8449
9.7787,11.464,8.9315,7.9599,7.9572,9.5852,9.4379,10.183,9.3619,9.8163
-25.257,-22.3,-22.594,-22.499,-20.289,-20.229,-18.551,-21.233,-20.287,-16.489
70.573,81.83,80.146,81.908,64.924,93.179,77.815,76.457,75.696,79.47
-20.649,-23.903,-20.525,-31.094,-22.641,-25.472,-21.854,-20.492,-17.316,-31.957
13.146,22.789,28.511,29.951,37.112,27.684,35.036,26.303,27.849,28.366
-29.692,-11.283,-23.857,-20.124,-19.776,-23.511,-23.886,-17.041,-16.857,-25.576
88.194,81.638,91.953,87.173,82.54,68.213,76.531,88.32,62.671,82.729
63.195,77.728,73.971,73.885,79.555,68.598,68.277,58.317,75.326,64.823
16.371,9.4225,12.521,14.191,10.71,13.324,10.4,14.354,14.372,14.756
49.889,76.988,42.867,37.819,53.877,42.876,57.02,73.754,54.58,58.041
13.156,13.485,11.417,11.298,13.44,11.878,13.878,19.771,17.141,11.355
74.73,66.534,66.057,103.33,77.256,78.006,77.46,77.471,86.808,46.549
9.9564,6.6356,2.5576,12.326,13.259,11.735,15.91,14.449,12.741,12.537
53.901,49.724,67.415,69.905,50.659,49.482,70.511,55.635,57.669,82.293
36.02,30.181,41.306,33.944,39.652,42.081,32.21,33.947,29.458,34.258
-11.516,-12.272,-10.938,-10.823,-9.2612,-10.476,-13.519,-12.092,-12.564,-11.377
3.4677,2.7835,4.501,4.9905,1.1649,3.645,1.3044,2.4004,1.9087,4.0167
64.497,56.432,76.785,48.676,65.188,35.591,57.665,70.213,71.877,58.716
12.238,9.9815,12.502,14.799,10.459,14.967,12.305,13.412,6.0151,12.58
-11.4,-19.32,-18.083,-18.896,-20.452,-15.285,-20.72,-18.31,-22.313,-21.382
11.526,9.0635,10.996,8.2068,8.1993,8.8128,9.1101,7.753,7.0048,10.831
-13.987,-17.285,-17.077,-16.346,-15.926,-14.941,-9.1853,-16.576,-17.306,-19.372
